Year,Month,Day,Check #,Description,Account,Category,Transaction, Amount ,,,
2010,1,4,-777,Martin Monthly Bill,Checking,Lawn Care,Debit," $1,237.60 ",,,
2010,1,4,-777,Pepco,Checking,Electricity,Debit, $231.19 ,,,
2010,1,8,-777,Dues Refund,Checking,Refund,Debit, $292.97 ,,,
2010,1,19,-777,GoldKlang Audit,Checking,Professional Services,Debit," $2,575.00 ",,,
2010,1,19,-777,Martin Snow,Checking,Snow,Debit, $720.00 ,,,
2010,1,19,-777,Lawyer,Checking,Professional Services,Debit, $656.25 ,,,
2010,1,19,-777,Lighting Repairs,Checking,Repair,Debit, $204.48 ,,,
2010,1,19,-777,Lawyer,Checking,Professional Services,Debit, $132.57 ,,,
2010,1,11,-777,Dues Check,Checking,Dues,Credit, $522.52 ,,,
2010,1,11,-777,Dues Check,Checking,Dues,Credit, $522.52 ,,,
2010,1,11,-777,Dues Check,Checking,Dues,Credit, $522.52 ,,,
2010,1,11,-777,Dues Check,Checking,Dues,Credit, $522.52 ,,,
2010,1,11,-777,Dues Check,Checking,Dues,Credit, $522.52 ,,,
2010,1,11,-777,Dues Check,Checking,Dues,Credit, $522.52 ,,,
2010,1,11,-777,Dues Check,Checking,Dues,Credit, $522.52 ,,,
2010,1,11,-777,Dues Check,Checking,Dues,Credit, $522.52 ,,,
2010,1,11,-777,Dues Check,Checking,Dues,Credit, $522.52 ,,,
2010,1,11,-777,Dues Check,Checking,Dues,Credit, $522.52 ,,,
2010,1,11,-777,Dues Check,Checking,Dues,Credit, $522.52 ,,,
2010,1,11,-777,Dues Check,Checking,Dues,Credit, $522.52 ,,,
2010,1,25,-777,Dues Check,Checking,Dues,Credit, $815.49 ,,,
2010,1,25,-777,Dues Check,Checking,Dues,Credit, $594.33 ,,,
2010,1,25,-777,Dues Check,Checking,Dues,Credit, $522.52 ,,,
2010,1,25,-777,Dues Check,Checking,Dues,Credit, $522.52 ,,,
2010,1,25,-777,Dues Check,Checking,Dues,Credit, $522.52 ,,,
2010,1,25,-777,Dues Check,Checking,Dues,Credit, $522.52 ,,,
2010,1,25,-777,Dues Check,Checking,Dues,Credit, $522.52 ,,,
2010,1,25,-777,Dues Check,Checking,Dues,Credit, $522.52 ,,,
2010,1,25,-777,Dues Check,Checking,Dues,Credit, $522.52 ,,,
2010,1,25,-777,Dues Check,Checking,Dues,Credit, $522.52 ,,,
2010,1,25,-777,Dues Check,Checking,Dues,Credit, $522.52 ,,,
2010,1,25,-777,Dues Check,Checking,Dues,Credit, $522.52 ,,,
2010,1,25,-777,Dues Check,Checking,Dues,Credit, $522.52 ,,,
2010,1,25,-777,Dues Check,Checking,Dues,Credit, $522.52 ,,,
2010,1,25,-777,Dues Check,Checking,Dues,Credit, $522.52 ,,,
2010,1,25,-777,Dues Check,Checking,Dues,Credit, $522.52 ,,,
2010,2,3,-777,Dues Refund,Checking,Refund,Debit, $292.97 ,,,
2010,2,3,-777,Pepco,Checking,Electricity,Debit, $181.77 ,,,
2010,2,3,-777,Mailing Supplies,Checking,Admin,Debit, $151.84 ,,,
2010,2,5,-777,Martin Snow,Checking,Snow,Debit," $1,920.00 ",,,
2010,2,5,-777,Martin Monthly Bill,Checking,Lawn Care,Debit," $1,237.60 ",,,
2010,2,11,-777,Lawyer,Checking,Professional Services,Debit, $731.25 ,,,
2010,2,22,-777,Withdraw to Reserves,Checking,To Reserves,Debit," $10,000.00 ",,,
2010,2,22,-777,Donation to St. E's,Checking,Admin,Debit, $100.00 ,,,
2010,2,26,-777,State Farm Ins.,Checking,Insurance,Debit, $797.00 ,,,
2010,2,11,-777,Dues Check,Checking,Dues,Credit, $815.49 ,,,
2010,2,11,-777,Dues Check,Checking,Dues,Credit, $522.52 ,,,
2010,2,11,-777,Dues Check,Checking,Dues,Credit, $522.52 ,,,
2010,2,11,-777,Dues Check,Checking,Dues,Credit, $522.52 ,,,
2010,2,11,-777,Dues Check,Checking,Dues,Credit, $522.52 ,,,
2010,2,11,-777,Dues Check,Checking,Dues,Credit, $522.52 ,,,
2010,2,11,-777,Dues Check,Checking,Dues,Credit, $522.52 ,,,
2010,2,11,-777,Dues Check,Checking,Dues,Credit, $522.52 ,,,
2010,2,11,-777,Dues Check,Checking,Dues,Credit, $522.52 ,,,
2010,2,11,-777,Dues Check,Checking,Dues,Credit, $522.52 ,,,
2010,2,11,-777,Dues Check,Checking,Dues,Credit, $522.52 ,,,
2010,2,11,-777,Dues Check,Checking,Dues,Credit, $522.00 ,,,
2010,2,11,-777,Copying Costs,Checking,Fees,Credit, $16.95 ,,,
2010,2,22,-777,Deposit From Reserves,Checking,From Reserves,Credit," $18,326.30 ",,,
2010,2,22,-777,Dues Check,Checking,Dues,Credit, $753.20 ,,,
2010,2,22,-777,Dues Check,Checking,Dues,Credit, $522.52 ,,,
2010,2,22,-777,Withdraw from Reserves,Reserves,Withdrawl,Debit," $18,326.30 ",,,
2010,2,22,-777,Deposit to Reserves,Reserves,Deposit,Credit," $10,000.00 ",,,
2010,3,1,-777,Lighting Repairs,Checking,Repair,Debit, $466.25 ,,,
2010,3,3,-777,Martin Snow,Checking,Snow,Debit," $8,520.00 ",,,
2010,3,3,-777,Martin Snow,Checking,Snow,Debit," $4,520.00 ",,,
2010,3,3,-777,Martin Snow,Checking,Snow,Debit," $1,760.00 ",,,
2010,3,3,-777,Martin Monthly Bill,Checking,Lawn Care,Debit," $1,237.60 ",,,
2010,3,3,-777,Pepco,Checking,Electricity,Debit, $146.25 ,,,
2010,3,5,-777,Dues Refund,Checking,Refund,Debit, $254.99 ,,,
2010,3,5,-777,Dues Refund,Checking,Refund,Debit, $71.81 ,,,
2010,3,8,-777,Lawyer,Checking,Professional Services,Debit, $56.25 ,,,
2010,3,15,-777,Dues Check,Checking,Dues,Credit, $777.51 ,,,
2010,3,15,-777,Dues Check,Checking,Dues,Credit, $522.52 ,,,
2010,3,15,-777,Dues Check,Checking,Dues,Credit, $522.52 ,,,
2010,3,15,-777,Dues Check,Checking,Dues,Credit, $90.64 ,,,
2010,4,2,-777,Martin Monthly Bill,Checking,Lawn Care,Debit," $1,237.60 ",,,
2010,4,9,-777,Taxes,Checking,Taxes,Debit," $1,000.00 ",,,
2010,4,12,-777,Lighting Repairs,Checking,Repair,Debit, $700.00 ,,,
2010,4,12,-777,Lighting Repairs,Checking,Repair,Debit, $679.88 ,,,
2010,4,12,-777,Lawyer,Checking,Professional Services,Debit, $112.50 ,,,
2010,4,12,-777,GoldKlang Audit,Checking,Professional Services,Debit, $100.00 ,,,
2010,4,19,-777,Lighting Repairs,Checking,Repair,Debit," $2,390.00 ",,,
2010,4,19,-777,Taxes,Checking,Taxes,Debit, $500.00 ,,,
2010,4,26,-777,Martin Monthly Bill,Checking,Lawn Care,Debit," $1,237.60 ",,,
2010,4,12,-777,Dues Check,Checking,Dues,Credit, $90.64 ,,,
2010,5,10,-777,Pepco,Checking,Electricity,Debit, $208.79 ,,,
2010,5,10,-777,Web Hosting,Checking,Professional Services,Debit, $31.95 ,,,
2010,5,26,-777,Martin Monthly Bill,Checking,Lawn Care,Debit," $1,237.60 ",,,
2010,5,10,-777,Dues Check,Checking,Dues,Credit, $90.64 ,,,
2010,5,24,-777,Withdraw from Reserves,Reserves,Withdrawl,Debit," $10,006.17 ",,,
2010,5,24,-777,Deposit From Reserves,Checking,From Reserves,Credit," $10,006.17 ",,,
2010,5,24,-777,Dues Check,Checking,Dues,Credit, $90.64 ,,,
2010,6,1,-777,Pepco,Checking,Electricity,Debit, $143.00 ,,,
2010,6,1,-777,Copying Costs,Checking,Admin,Debit, $31.67 ,,,
2010,6,7,-777,Lawyer,Checking,Professional Services,Debit, $112.50 ,,,
2010,6,7,-777,Lighting Repairs,Checking,Repair,Debit, $70.56 ,,,
2010,6,7,-777,Mont. County HOA,Checking,Professional Services,Debit, $47.00 ,,,
2010,7,9,-777,Martin Monthly Bill,Checking,Lawn Care,Debit," $1,237.60 ",,,
2010,7,9,-777,Lawyer,Checking,Professional Services,Debit, $168.75 ,,,
2010,7,9,-777,Pepco,Checking,Electricity,Debit, $160.51 ,,,
2010,7,19,-777,Taxes,Checking,Taxes,Debit, $885.60 ,,,
2010,7,19,-777,GoldKlang Audit,Checking,Professional Services,Debit, $300.00 ,,,
2010,7,28,-777,Martin Monthly Bill,Checking,Lawn Care,Debit," $1,237.60 ",,,
2010,7,12,-777,Dues Check,Checking,Dues,Credit, $90.64 ,,,
2010,8,4,-777,Pepco,Checking,Electricity,Debit, $173.20 ,,,
2010,8,4,-777,Montgomery Count.,Checking,Taxes,Debit, $141.00 ,,,
2010,8,4,-777,Copying Costs,Checking,Admin,Debit, $71.76 ,,,
2010,8,25,-777,GoldKlang Audit,Checking,Professional Services,Debit," $1,550.00 ",,,
2010,8,25,-777,Martin Monthly Bill,Checking,Lawn Care,Debit," $1,237.60 ",,,
2010,8,25,-777,Copying Costs,Checking,Admin,Debit, $16.50 ,,,
2010,8,23,-777,Taxes,Checking,Taxes,Credit, $199.00 ,,,
2010,8,23,-777,Special Assesment,Checking,Dues,Credit, $150.00 ,,,
2010,8,23,-777,Special Assesment,Checking,Dues,Credit, $150.00 ,,,
2010,8,23,-777,Special Assesment,Checking,Dues,Credit, $150.00 ,,,
2010,8,23,-777,Special Assesment,Checking,Dues,Credit, $150.00 ,,,
2010,8,23,-777,Special Assesment,Checking,Dues,Credit, $150.00 ,,,
2010,8,23,-777,Special Assesment,Checking,Dues,Credit, $150.00 ,,,
2010,8,23,-777,Special Assesment,Checking,Dues,Credit, $150.00 ,,,
2010,8,23,-777,Special Assesment,Checking,Dues,Credit, $150.00 ,,,
2010,8,23,-777,Special Assesment,Checking,Dues,Credit, $150.00 ,,,
2010,8,23,-777,Special Assesment,Checking,Dues,Credit, $150.00 ,,,
2010,8,23,-777,Special Assesment,Checking,Dues,Credit, $150.00 ,,,
2010,8,23,-777,Special Assesment,Checking,Dues,Credit, $150.00 ,,,
2010,8,23,-777,Special Assesment,Checking,Dues,Credit, $150.00 ,,,
2010,8,23,-777,Special Assesment,Checking,Dues,Credit, $150.00 ,,,
2010,8,23,-777,Special Assesment,Checking,Dues,Credit, $150.00 ,,,
2010,8,23,-777,Special Assesment,Checking,Dues,Credit, $150.00 ,,,
2010,8,23,-777,Special Assesment,Checking,Dues,Credit, $150.00 ,,,
2010,8,23,-777,Special Assesment,Checking,Dues,Credit, $150.00 ,,,
2010,8,23,-777,Special Assesment,Checking,Dues,Credit, $150.00 ,,,
2010,8,23,-777,Special Assesment,Checking,Dues,Credit, $150.00 ,,,
2010,8,23,-777,Special Assesment,Checking,Dues,Credit, $150.00 ,,,
2010,8,23,-777,Dues Check,Checking,Dues,Credit, $90.64 ,,,
2010,9,2,-777,Pepco,Checking,Electricity,Debit, $160.84 ,,,
2010,9,9,-777,Lawyer,Checking,Professional Services,Debit, $881.86 ,,,
2010,9,24,-777,Martin Monthly Bill,Checking,Lawn Care,Debit," $1,237.60 ",,,
2010,9,20,-777,Taxes,Checking,Taxes,Credit, $262.00 ,,,
2010,9,20,-777,Special Assesment,Checking,Dues,Credit, $150.00 ,,,
2010,9,20,-777,Special Assesment,Checking,Dues,Credit, $150.00 ,,,
2010,9,20,-777,Special Assesment,Checking,Dues,Credit, $150.00 ,,,
2010,9,20,-777,Special Assesment,Checking,Dues,Credit, $150.00 ,,,
2010,9,20,-777,Special Assesment,Checking,Dues,Credit, $150.00 ,,,
2010,9,20,-777,Special Assesment,Checking,Dues,Credit, $150.00 ,,,
2010,9,20,-777,Special Assesment,Checking,Dues,Credit, $150.00 ,,,
2010,9,20,-777,Special Assesment,Checking,Dues,Credit, $150.00 ,,,
2010,9,20,-777,Special Assesment,Checking,Dues,Credit, $150.00 ,,,
2010,9,20,-777,Special Assesment,Checking,Dues,Credit, $150.00 ,,,
2010,9,20,-777,Special Assesment,Checking,Dues,Credit, $150.00 ,,,
2010,9,20,-777,Special Assesment,Checking,Dues,Credit, $150.00 ,,,
2010,9,20,-777,Special Assesment,Checking,Dues,Credit, $150.00 ,,,
2010,9,20,-777,Special Assesment,Checking,Dues,Credit, $150.00 ,,,
2010,9,20,-777,Special Assesment,Checking,Dues,Credit, $150.00 ,,,
2010,9,20,-777,Special Assesment,Checking,Dues,Credit, $150.00 ,,,
2010,9,20,-777,Special Assesment,Checking,Dues,Credit, $150.00 ,,,
2010,9,20,-777,Special Assesment,Checking,Dues,Credit, $150.00 ,,,
2010,9,20,-777,Special Assesment,Checking,Dues,Credit, $150.00 ,,,
2010,9,20,-777,Special Assesment,Checking,Dues,Credit, $150.00 ,,,
2010,10,4,-777,Pepco,Checking,Electricity,Debit, $197.10 ,,,
2010,10,8,-777,Lawyer,Checking,Professional Services,Debit, $131.12 ,,,
2010,10,13,-777,Martin Option,Checking,Lawn Care,Debit, $700.00 ,,,
2010,10,13,-777,Donation to St. E's,Checking,Admin,Debit, $100.00 ,,,
2010,10,18,-777,Mailing Supplies,Checking,Admin,Debit, $45.23 ,,,
2010,10,18,-777,Picnic Supplies,Checking,Admin,Debit, $37.82 ,,,
2010,10,18,-777,Mailing Supplies,Checking,Admin,Debit, $10.60 ,,,
2010,10,20,-777,Special Assesment,Checking,Dues,Credit, $150.00 ,,,
2010,10,20,-777,Special Assesment,Checking,Dues,Credit, $150.00 ,,,
2010,10,20,-777,Special Assesment,Checking,Dues,Credit, $150.00 ,,,
2010,10,20,-777,Special Assesment,Checking,Dues,Credit, $150.00 ,,,
2010,10,20,-777,Special Assesment,Checking,Dues,Credit, $150.00 ,,,
2010,11,1,-777,Martin Monthly Bill,Checking,Lawn Care,Debit," $1,237.60 ",,,
2010,11,1,-777,Lighting Repairs,Checking,Repair,Debit, $230.00 ,,,
2010,11,1,-777,Pepco,Checking,Electricity,Debit, $196.74 ,,,
2010,11,4,-777,Lighting Repairs,Checking,Repair,Debit, $16.10 ,,,
2010,11,10,-777,Lawyer,Checking,Professional Services,Debit, $162.50 ,,,
2010,11,24,-777,Transaction Stop,Checking,Admin,Credit, $16.50 ,,,
2010,12,1,-777,Martin Monthly Bill,Checking,Lawn Care,Debit," $1,237.60 ",,,
2010,12,1,-777,Pepco,Checking,Electricity,Debit, $168.78 ,,,
2010,12,24,-777,Martin Monthly Bill,Checking,Lawn Care,Debit," $1,237.60 ",,,
2010,12,24,-777,Lawyer,Checking,Professional Services,Debit, $225.00 ,,,
2010,12,13,-777,Deposit From Reserves,Checking,Deposit,Credit," $10,000.00 ",,,
2010,12,13,-777,Withdraw from Reserves,Reserves,Withdrawl,Debit," $10,000.00 ",,,
2011,1,5,-777,Pepco,Checking,Electricity,Debit, $173.95 ,,,
2011,1,5,-777,Lighting Repair,Checking,Repair,Debit, $60.00 ,,,
2011,1,6,-777,Snow Removal,Checking,Snow,Debit," $1,000.00 ",,,
2011,1,6,-777,Lawyer,Checking,Professional Services,Debit, $380.15 ,,,
2011,1,6,-777,Office Supplies,Checking,Admin,Debit, $46.38 ,,,
2011,1,6,-777,Office Supplies,Checking,Admin,Debit, $15.20 ,,,
2011,1,6,-777,Office Supplies,Checking,Admin,Debit, $12.19 ,,,
2011,1,26,-777,Martin Monthly Bill,Checking,Lawn Care,Debit," $1,237.60 ",,,
2011,1,31,-777,Snow Removal,Checking,Snow,Debit," $2,560.00 ",,,
2011,1,24,-777,Dues Check,Checking,Dues,Credit, $895.00 ,,,
2011,1,24,-777,Dues Check,Checking,Dues,Credit, $895.00 ,,,
2011,1,24,-777,Dues Check,Checking,Dues,Credit, $895.00 ,,,
2011,1,24,-777,Dues Check,Checking,Dues,Credit, $895.00 ,,,
2011,1,24,-777,Dues Check,Checking,Dues,Credit, $895.00 ,,,
2011,1,24,-777,Dues Check,Checking,Dues,Credit, $895.00 ,,,
2011,1,24,-777,Dues Check,Checking,Dues,Credit, $895.00 ,,,
2011,1,24,-777,Dues Check,Checking,Dues,Credit, $895.00 ,,,
2011,1,24,-777,Dues Check,Checking,Dues,Credit, $895.00 ,,,
2011,1,24,-777,Dues Check,Checking,Dues,Credit, $895.00 ,,,
2011,1,24,-777,Dues Check,Checking,Dues,Credit, $895.00 ,,,
2011,1,24,-777,Dues Check,Checking,Dues,Credit, $895.00 ,,,
2011,1,24,-777,Dues Check,Checking,Dues,Credit, $895.00 ,,,
2011,1,24,-777,Dues Check,Checking,Dues,Credit, $895.00 ,,,
2011,1,24,-777,Dues Check,Checking,Dues,Credit, $895.00 ,,,
2011,1,24,-777,Dues Check,Checking,Dues,Credit, $895.00 ,,,
2011,1,24,-777,Dues Check,Checking,Dues,Credit, $895.00 ,,,
2011,1,24,-777,Dues Check,Checking,Dues,Credit, $895.00 ,,,
2011,1,24,-777,Dues Check,Checking,Dues,Credit, $895.00 ,,,
2011,1,24,-777,Dues Check,Checking,Dues,Credit, $895.00 ,,,
2011,1,24,-777,Dues Check,Checking,Dues,Credit, $895.00 ,,,
2011,1,24,-777,Dues Check,Checking,Dues,Credit, $895.00 ,,,
2011,1,24,-777,Dues Check,Checking,Dues,Credit, $895.00 ,,,
2011,1,24,-777,Dues Check,Checking,Dues,Credit, $450.00 ,,,
2011,2,7,-777,Pepco,Checking,Electricity,Debit, $167.87 ,,,
2011,2,16,-777,Snow Removal,Checking,Snow,Debit," $2,760.00 ",,,
2011,3,9,-777,Martin Monthly Bill,Checking,Lawn Care,Debit," $1,237.60 ",,,
2011,3,9,-777,Tree Removal,Checking,Lawn Care,Debit," $1,200.00 ",,,
2011,3,9,-777,Insurance,Checking,Insurance,Debit, $695.00 ,,,
2011,3,9,-777,Lighting Repair,Checking,Repair,Debit, $355.00 ,,,
2011,3,9,-777,Pepco,Checking,Electricity,Debit, $126.30 ,,,
2011,3,9,-777,Lighting Repair,Checking,Repair,Debit, $85.83 ,,,
2011,3,9,-777,Lighting Repair,Checking,Repair,Debit, $21.35 ,,,
2011,3,9,-777,Returned Check,Checking,Admin,Debit, $895.00 ,,,
2011,3,14,-777,Fee,Checking,Admin,Debit, $10.00 ,,,
2011,3,16,-777,Lighting Repair,Checking,Repair,Debit, $700.00 ,,,
2011,3,24,-777,Martin Monthly Bill,Checking,Lawn Care,Debit," $1,237.60 ",,,
2011,3,24,-777,Auditor,Checking,Professional Services,Debit, $100.00 ,,,
2011,3,28,-777,Federal Taxes,Checking,Taxes,Debit, $500.00 ,,,
2011,3,28,-777,State Taxes,Checking,Taxes,Debit, $300.00 ,,,
2011,3,9,-777,Dues Check,Checking,Dues,Credit, $895.00 ,,,
2011,3,9,-777,Dues Check,Checking,Dues,Credit, $895.00 ,,,
2011,3,9,-777,Dues Check,Checking,Dues,Credit, $895.00 ,,,
2011,3,9,-777,Dues Check,Checking,Dues,Credit, $895.00 ,,,
2011,3,9,-777,Dues Check,Checking,Dues,Credit, $895.00 ,,,
2011,3,9,-777,Dues Check,Checking,Dues,Credit, $895.00 ,,,
2011,3,9,-777,Dues Check,Checking,Dues,Credit, $895.00 ,,,
2011,3,9,-777,Dues Check,Checking,Dues,Credit, $895.00 ,,,
2011,3,9,-777,Dues Check,Checking,Dues,Credit, $895.00 ,,,
2011,3,9,-777,Dues Check,Checking,Dues,Credit, $895.00 ,,,
2011,3,9,-777,Dues Check,Checking,Dues,Credit, $895.00 ,,,
2011,3,9,-777,Dues Check,Checking,Dues,Credit, $895.00 ,,,
2011,3,9,-777,Dues Check,Checking,Dues,Credit, $895.00 ,,,
2011,3,9,-777,Dues Check,Checking,Dues,Credit, $895.00 ,,,
2011,3,9,-777,Dues Check,Checking,Dues,Credit, $895.00 ,,,
2011,3,9,-777,Dues Check,Checking,Dues,Credit, $895.00 ,,,
2011,3,9,-777,Dues Check,Checking,Dues,Credit, $895.00 ,,,
2011,3,9,-777,Dues Check,Checking,Dues,Credit, $895.00 ,,,
2011,3,9,-777,Dues Check,Checking,Dues,Credit, $895.00 ,,,
2011,3,9,-777,Dues Check,Checking,Dues,Credit, $895.00 ,,,
2011,4,13,-777,Pepco,Checking,Electricity,Debit, $154.62 ,,,
2011,4,13,-777,Lighting Repair,Checking,Repair,Debit, $50.00 ,,,
2011,4,27,-777,Martin Monthly Bill,Checking,Lawn Care,Debit," $1,237.60 ",,,
2011,4,27,-777,Lighting Repair,Checking,Repair,Debit, $500.00 ,,,
2011,4,27,-777,Lighting Repair,Checking,Repair,Debit, $215.00 ,,,
2011,4,27,-777,Lighting Repair,Checking,Repair,Debit, $119.96 ,,,
2011,4,27,-777,Fence Repair,Checking,Repair,Debit, $36.03 ,,,
2011,4,4,-777,Dues Check,Checking,Dues,Credit, $910.00 ,,,
2011,5,9,-777,Webpage,Checking,Professional Services,Debit, $31.95 ,,,
2011,5,12,-777,Pepco,Checking,Electricity,Debit, $120.14 ,,,
2011,5,12,-777,Lawyer,Checking,Professional Services,Debit, $56.25 ,,,
2011,5,12,-777,Lighting Repair,Checking,Repair,Debit, $49.22 ,,,
2011,5,12,-777,Lighting Repair,Checking,Repair,Debit, $28.61 ,,,
2011,5,16,-777,Dues Check,Checking,Dues,Credit, $984.50 ,,,
2011,5,16,-777,Dues Check,Checking,Dues,Credit, $300.00 ,,,
2011,6,2,-777,Martin Monthly Bill,Checking,Lawn Care,Debit," $1,237.60 ",,,
2011,6,2,-777,Pepco,Checking,Electricity,Debit, $118.21 ,,,
2011,7,13,-777,Martin Monthly Bill,Checking,Lawn Care,Debit," $1,237.60 ",,,
2011,7,13,-777,Pepco,Checking,Electricity,Debit, $127.79 ,,,
2011,7,5,-777,Dues Check,Checking,Dues,Credit, $684.50 ,,,
2011,8,1,-777,Martin Monthly Bill,Checking,Lawn Care,Debit," $1,237.60 ",,,
2011,8,1,-777,Montgomery County,Checking,Taxes,Debit, $141.00 ,,,
2011,8,1,-777,Pepco,Checking,Electricity,Debit, $124.49 ,,,
2011,8,15,-777,Lawyer,Checking,Professional Services,Debit, $345.72 ,,,
2011,8,15,-777,Tax Prep,Checking,Professional Services,Debit, $300.00 ,,,
2011,9,12,-777,Grounds Repair,Checking,Lawn Care,Debit," $1,900.00 ",,,
2011,9,12,-777,Martin Monthly Bill,Checking,Lawn Care,Debit," $1,237.60 ",,,
2011,9,12,-777,Montgomery County,Checking,Taxes,Debit," $1,124.64 ",,,
2011,9,12,-777,Pepco,Checking,Electricity,Debit, $126.11 ,,,
2011,9,12,-777,Office Supplies,Checking,Admin,Debit, $46.00 ,,,
2011,9,12,-777,Lawyer,Checking,Professional Services,Debit, $29.19 ,,,
2011,9,12,-777,Office Supplies,Checking,Admin,Debit, $6.78 ,,,
2011,9,12,-777,State Taxes,Checking,Taxes,Credit, $800.00 ,,,
2011,10,5,-777,Martin Monthly Bill,Checking,Lawn Care,Debit," $1,237.60 ",,,
2011,10,5,-777,Grounds Repair,Checking,Lawn Care,Debit," $1,150.00 ",,,
2011,10,5,-777,Lighting Repair,Checking,Repair,Debit, $172.00 ,,,
2011,10,5,-777,Pepco,Checking,Electricity,Debit, $157.23 ,,,
2011,10,5,-777,Lawyer,Checking,Professional Services,Debit, $50.00 ,,,
2011,10,5,-777,Lighting Repair,Checking,Repair,Debit, $28.61 ,,,
2011,10,3,-777,Federal Taxes,Checking,Taxes,Credit," $1,000.00 ",,,
2011,10,3,-777,Dues Check,Checking,Dues,Credit, $445.00 ,,,
2011,11,7,-777,Martin Monthly Bill,Checking,Lawn Care,Debit," $1,237.60 ",,,
2011,11,7,-777,Lighting Repair,Checking,Repair,Debit, $270.00 ,,,
2011,11,7,-777,Lighting Repair,Checking,Repair,Debit, $170.00 ,,,
2011,11,7,-777,Pepco,Checking,Electricity,Debit, $152.47 ,,,
2011,11,7,-777,Office Supplies,Checking,Admin,Debit, $52.47 ,,,
2011,11,7,-777,Lighting Repair,Checking,Repair,Debit, $15.87 ,,,
2011,11,7,-777,Office Supplies,Checking,Admin,Debit, $11.98 ,,,
2011,11,7,-777,Office Supplies,Checking,Admin,Debit, $10.60 ,,,
2011,12,8,-777,Martin Monthly Bill,Checking,Lawn Care,Debit," $1,237.60 ",,,
2011,12,8,-777,Lawyer,Checking,Professional Services,Debit, $171.00 ,,,
2011,12,8,-777,Pepco,Checking,Electricity,Debit, $149.17 ,,,
2012,1,17,-777,Martin Monthly Bill,Checking,Lawn Care,Debit," $1,237.60 ",,,
2012,1,17,-777,Pepco,Checking,Electricity,Debit, $157.13 ,,,
2012,1,17,-777,Office Supplies,Checking,Admin,Debit, $28.83 ,,,
2012,1,17,-777,Office Supplies,Checking,Admin,Debit, $26.40 ,,,
2012,1,17,-777,Office Supplies,Checking,Admin,Debit, $12.83 ,,,
2012,2,3,-777,Martin Monthly Bill,Checking,Lawn Care,Debit," $1,237.60 ",,,
2012,2,3,-777,Snow Removal,Checking,Snow,Debit, $960.00 ,,,
2012,2,3,-777,Pepco,Checking,Electricity,Debit, $173.15 ,,,
2012,2,6,-777,Transfer to Reserves,Checking,To Reserves,Debit," $10,000.00 ",,,
2012,2,6,-777,Transfer to Reserves,Reserves,From Checking,Credit," $10,000.00 ",,,
2012,2,6,-777,Dues Check,Checking,Dues,Credit, $940.00 ,,,
2012,2,6,-777,Dues Check,Checking,Dues,Credit, $940.00 ,,,
2012,2,6,-777,Dues Check,Checking,Dues,Credit, $940.00 ,,,
2012,2,6,-777,Dues Check,Checking,Dues,Credit, $940.00 ,,,
2012,2,6,-777,Dues Check,Checking,Dues,Credit, $940.00 ,,,
2012,2,6,-777,Dues Check,Checking,Dues,Credit, $940.00 ,,,
2012,2,6,-777,Dues Check,Checking,Dues,Credit, $940.00 ,,,
2012,2,6,-777,Dues Check,Checking,Dues,Credit, $940.00 ,,,
2012,2,6,-777,Dues Check,Checking,Dues,Credit, $940.00 ,,,
2012,2,6,-777,Dues Check,Checking,Dues,Credit, $940.00 ,,,
2012,2,6,-777,Dues Check,Checking,Dues,Credit, $940.00 ,,,
2012,2,6,-777,Dues Check,Checking,Dues,Credit, $940.00 ,,,
2012,2,6,-777,Dues Check,Checking,Dues,Credit, $940.00 ,,,
2012,2,6,-777,Dues Check,Checking,Dues,Credit, $940.00 ,,,
2012,2,6,-777,Dues Check,Checking,Dues,Credit, $940.00 ,,,
2012,2,6,-777,Dues Check,Checking,Dues,Credit, $940.00 ,,,
2012,2,6,-777,Dues Check,Checking,Dues,Credit, $940.00 ,,,
2012,2,6,-777,Dues Check,Checking,Dues,Credit, $940.00 ,,,
2012,2,6,-777,Dues Check,Checking,Dues,Credit, $940.00 ,,,
2012,2,6,-777,Dues Check,Checking,Dues,Credit, $940.00 ,,,
2012,2,6,-777,Dues Check,Checking,Dues,Credit, $940.00 ,,,
2012,2,6,-777,Dues Check,Checking,Dues,Credit, $940.00 ,,,
2012,2,6,-777,Dues Check,Checking,Dues,Credit, $940.00 ,,,
2012,2,6,-777,Dues Check,Checking,Dues,Credit, $940.00 ,,,
2012,2,6,-777,Dues Check,Checking,Dues,Credit, $940.00 ,,,
2012,2,6,-777,Dues Check,Checking,Dues,Credit, $940.00 ,,,
2012,2,6,-777,Dues Check,Checking,Dues,Credit, $940.00 ,,,
2012,2,6,-777,Dues Check,Checking,Dues,Credit, $940.00 ,,,
2012,2,6,-777,Dues Check,Checking,Dues,Credit, $940.00 ,,,
2012,2,6,-777,Dues Check,Checking,Dues,Credit, $940.00 ,,,
2012,2,6,-777,Dues Check,Checking,Dues,Credit, $940.00 ,,,
2012,2,6,-777,Dues Check,Checking,Dues,Credit, $940.00 ,,,
2012,2,6,-777,Dues Check,Checking,Dues,Credit, $940.00 ,,,
2012,2,6,-777,Dues Check,Checking,Dues,Credit, $940.00 ,,,
2012,2,6,-777,Dues Check,Checking,Dues,Credit, $940.00 ,,,
2012,2,6,-777,Dues Check,Checking,Dues,Credit, $940.00 ,,,
2012,2,6,-777,Dues Check,Checking,Dues,Credit, $940.00 ,,,
2012,2,6,-777,Dues Check,Checking,Dues,Credit, $940.00 ,,,
2012,2,6,-777,Dues Check,Checking,Dues,Credit, $940.00 ,,,
2012,2,6,-777,Dues Check,Checking,Dues,Credit, $940.00 ,,,
2012,2,6,-777,Dues Check,Checking,Dues,Credit, $470.00 ,,,
2012,2,13,-777,Dues Check,Checking,Dues,Credit, $940.00 ,,,
2012,2,13,-777,Dues Check,Checking,Dues,Credit, $940.00 ,,,
2012,2,13,-777,Dues Check,Checking,Dues,Credit, $940.00 ,,,
2012,3,8,-777,Martin Monthly Bill,Checking,Lawn Care,Debit," $1,237.60 ",,,
2012,3,8,-777,State Farm Insurance,Checking,Insurance,Debit, $739.00 ,,,
2012,3,8,-777,Pepco,Checking,Electricity,Debit, $142.10 ,,,
2012,3,8,-777,Lawer ,Checking,Professional Services,Debit, $20.00 ,,,
2012,3,22,-777,Auditor,Checking,Professional Services,Debit," $1,750.00 ",,,
2012,3,22,-777,Auditor,Checking,Professional Services,Debit, $100.00 ,,,
2012,3,12,-777,Dues Check,Checking,Dues,Credit, $940.00 ,,,
2012,3,12,-777,Dues Check,Checking,Dues,Credit, $940.00 ,,,
2012,4,10,-777,Taxes,Checking,Taxes,Debit, $400.00 ,,,
2012,4,11,-777,Martin Monthly Bill,Checking,Lawn Care,Debit," $1,237.60 ",,,
2012,4,11,-777,Pepco,Checking,Electricity,Debit, $128.46 ,,,
2012,4,11,-777,Office Supplies,Checking,Admin,Debit, $114.66 ,,,
2012,5,3,-777,Martin Monthly Bill,Checking,Lawn Care,Debit," $1,299.48 ",,,
2012,5,3,-777,Pepco,Checking,Electricity,Debit, $112.87 ,,,
2012,5,9,-777,Websight,Checking,Admin,Debit, $31.95 ,,,
2012,5,24,-777,Martin Monthly Bill,Checking,Lawn Care,Debit," $1,237.60 ",,,
2012,5,24,-777,Lawer ,Checking,Professional Services,Debit, $65.00 ,,,
2012,5,24,-777,Office Supplies,Checking,Admin,Debit, $47.59 ,,,
2012,5,23,-777,Dues Check,Checking,Dues,Credit, $470.00 ,,,
2012,5,24,-777,Office Supplies,Checking,Admin,Debit, $82.83 ,,,
2012,6,19,-777,Parking Lot Resurfacing,Checking,Repair,Debit," $5,260.00 ",,,
2012,6,19,-777,Tree Removal,Checking,Repair,Debit," $1,575.00 ",,,
2012,6,19,-777,Pepco,Checking,Electricity,Debit, $123.53 ,,,
2012,6,25,-777,Martin Monthly Bill,Checking,Lawn Care,Debit," $1,237.60 ",,,
2012,7,11,-777,Storm Cleanup,Checking,Repair,Debit, $400.00 ,,,
2012,7,11,-777,Pepco,Checking,Electricity,Debit, $239.80 ,,,
2012,7,11,-777,Lawyer,Checking,Professional Services,Debit, $56.25 ,,,
2012,7,16,-777,Storm Cleanup,Checking,Repair,Debit," $1,100.00 ",,,
2012,7,16,-777,Montgommery County,Checking,Taxes,Debit, $141.00 ,,,
2012,7,27,-777,Martin Monthly Bill,Checking,Lawn Care,Debit," $1,237.60 ",,,
2012,8,2,-777,Pepco,Checking,Electricity,Debit, $1.52 ,,,
2012,8,31,-777,Martin Monthly Bill,Checking,Lawn Care,Debit," $1,237.60 ",,,
2012,10,1,-777,Storm Cleanup,Checking,Repair,Debit," $1,495.00 ",,,
2012,10,1,-777,Martin Monthly Bill,Checking,Lawn Care,Debit," $1,237.60 ",,,
2012,10,1,-777,Martin Option,Checking,Lawn Care,Debit, $700.00 ,,,
2012,10,1,-777,Auditor,Checking,Professional Services,Debit, $300.00 ,,,
2012,10,1,-777,Pepco,Checking,Electricity,Debit, $118.95 ,,,
2012,10,12,-777,Bridge Repair,Checking,Repair,Debit, $200.00 ,,,
2012,10,12,-777,Pepco,Checking,Electricity,Debit, $135.31 ,,,
2012,9,30,-777,Interest,Reserves,Interest,Credit, $11.68 ,,,
2012,11,5,-777,Martin Monthly Bill,Checking,Lawn Care,Debit," $1,237.60 ",,,
2012,11,5,-777,Pepco,Checking,Electricity,Debit, $158.06 ,,,
2012,12,5,-777,Auditor,Checking,Professional Services,Debit, $10.00 ,,,
2012,12,10,-777,Martin Monthly Bill,Checking,Lawn Care,Debit," $1,237.60 ",,,
2012,12,10,-777,Snow Removal,Checking,Snow,Debit, $900.00 ,,,
2012,12,10,-777,Pepco,Checking,Electricity,Debit, $118.75 ,,,
2012,12,10,-777,Office Supplies,Checking,Admin,Debit, $100.00 ,,,
2012,12,10,-777,Office Supplies,Checking,Admin,Debit, $77.87 ,,,
2012,12,10,-777,Office Supplies,Checking,Admin,Debit, $18.51 ,,,
2012,12,14,-777,Taxes,Checking,Taxes,Credit, $500.00 ,,,
2013,1,7,-777,Martin Montly Bill,Checking,Lawn Care,Debit," $1,237.60 ",,,
2013,1,7,-777,Pepco,Checking,Electricity,Debit, $137.33 ,,,
2013,1,7,-777,Office Supplies,Checking,Admin,Debit, $31.27 ,,,
2013,1,28,-777,Pepco,Checking,Electricity,Debit, $43.83 ,,,
2013,2,5,-777,Transfer to Reserves,Checking,To Reserves,Debit," $10,000.00 ",,,
2013,2,5,-777,Transfer to Reserves,Reserves,From Checking,Credit," $10,000.00 ",,,
2013,2,21,-777,Martin Montly Bill,Checking,Lawn Care,Debit," $1,237.60 ",,,
2013,2,7,-777,Snow Removal,Checking,Snow,Debit," $1,320.00 ",,,
2013,2,7,-777,Snow Removal,Checking,Snow,Debit," $1,299.48 ",,,
2013,2,5,-777,Dues Check,Checking,Dues,Credit, $970.00 ,,,
2013,2,5,-777,Dues Check,Checking,Dues,Credit, $970.00 ,,,
2013,2,5,-777,Dues Check,Checking,Dues,Credit, $970.00 ,,,
2013,2,5,-777,Dues Check,Checking,Dues,Credit, $970.00 ,,,
2013,2,5,-777,Dues Check,Checking,Dues,Credit, $970.00 ,,,
2013,2,5,-777,Dues Check,Checking,Dues,Credit, $970.00 ,,,
2013,2,5,-777,Dues Check,Checking,Dues,Credit, $970.00 ,,,
2013,2,5,-777,Dues Check,Checking,Dues,Credit, $970.00 ,,,
2013,2,5,-777,Dues Check,Checking,Dues,Credit, $970.00 ,,,
2013,2,5,-777,Dues Check,Checking,Dues,Credit, $970.00 ,,,
2013,2,5,-777,Dues Check,Checking,Dues,Credit, $970.00 ,,,
2013,2,5,-777,Dues Check,Checking,Dues,Credit, $970.00 ,,,
2013,2,5,-777,Dues Check,Checking,Dues,Credit, $970.00 ,,,
2013,2,5,-777,Dues Check,Checking,Dues,Credit, $970.00 ,,,
2013,2,5,-777,Dues Check,Checking,Dues,Credit, $970.00 ,,,
2013,2,5,-777,Dues Check,Checking,Dues,Credit, $970.00 ,,,
2013,2,5,-777,Dues Check,Checking,Dues,Credit, $970.00 ,,,
2013,2,5,-777,Dues Check,Checking,Dues,Credit, $970.00 ,,,
2013,2,5,-777,Dues Check,Checking,Dues,Credit, $970.00 ,,,
2013,2,5,-777,Dues Check,Checking,Dues,Credit, $970.00 ,,,
2013,2,5,-777,Dues Check,Checking,Dues,Credit, $970.00 ,,,
2013,2,5,-777,Dues Check,Checking,Dues,Credit, $970.00 ,,,
2013,2,5,-777,Dues Check,Checking,Dues,Credit, $970.00 ,,,
2013,2,5,-777,Dues Check,Checking,Dues,Credit, $970.00 ,,,
2013,2,5,-777,Dues Check,Checking,Dues,Credit, $970.00 ,,,
2013,2,5,-777,Dues Check,Checking,Dues,Credit, $970.00 ,,,
2013,2,5,-777,Dues Check,Checking,Dues,Credit, $970.00 ,,,
2013,2,5,-777,Dues Check,Checking,Dues,Credit, $970.00 ,,,
2013,2,5,-777,Dues Check,Checking,Dues,Credit, $970.00 ,,,
2013,2,5,-777,Dues Check,Checking,Dues,Credit, $970.00 ,,,
2013,2,5,-777,Dues Check,Checking,Dues,Credit, $970.00 ,,,
2013,2,5,-777,Dues Check,Checking,Dues,Credit, $970.00 ,,,
2013,2,5,-777,Dues Check,Checking,Dues,Credit, $970.00 ,,,
2013,2,5,-777,Dues Check,Checking,Dues,Credit, $970.00 ,,,
2013,2,5,-777,Dues Check,Checking,Dues,Credit, $970.00 ,,,
2013,2,5,-777,Dues Check,Checking,Dues,Credit, $970.00 ,,,
2013,2,5,-777,Dues Check,Checking,Dues,Credit, $970.00 ,,,
2013,2,5,-777,Dues Check,Checking,Dues,Credit, $970.00 ,,,
2013,2,5,-777,Dues Check,Checking,Dues,Credit, $970.00 ,,,
2013,2,5,-777,Dues Check,Checking,Dues,Credit, $970.00 ,,,
2013,2,5,-777,Dues Check,Checking,Dues,Credit, $970.00 ,,,
2013,2,11,-777,Dues Check,Checking,Dues,Credit, $970.00 ,,,
2013,2,11,-777,Dues Check,Checking,Dues,Credit, $970.00 ,,,
2013,2,11,-777,Dues Check,Checking,Dues,Credit, $970.00 ,,,
2013,2,11,-777,Dues Check,Checking,Dues,Credit, $990.00 ,,,
2013,2,11,-777,Dues Check,Checking,Dues,Credit, $470.00 ,,,
2013,3,13,-777,Pepco,Checking,Electricity,Debit, $291.99 ,,,
2013,3,21,-777,Martin Montly Bill,Checking,Lawn Care,Debit," $1,237.60 ",,,
2013,4,17,-777,Snow Removal,Checking,Snow,Debit, $920.00 ,,,
2013,4,17,-777,State Farm Insurance,Checking,Insurance,Debit, $742.00 ,,,
2013,4,17,-777,Snow Removal,Checking,Snow,Debit, $600.00 ,,,
2013,4,17,-777,Pepco,Checking,Electricity,Debit, $110.52 ,,,
2013,4,22,-777,Martin Montly Bill,Checking,Lawn Care,Debit," $1,237.60 ",,,
2013,5,1,-777,Tax Preparation,Checking,Professional Services,Debit, $100.00 ,,,
2013,5,10,-777,Web page,Checking,Admin,Debit, $31.95 ,,,
2013,5,22,-777,Martin Montly Bill,Checking,Lawn Care,Debit," $1,237.60 ",,,
2013,5,23,-777,Lawyer,Checking,Professional Services,Debit, $408.42 ,,,
2013,5,23,-777,Pepco,Checking,Electricity,Debit, $113.79 ,,,
2013,6,3,-777,Pepco,Checking,Electricity,Debit, $103.26 ,,,
2013,6,21,-777,Martin Montly Bill,Checking,Lawn Care,Debit," $1,237.60 ",,,
2013,6,26,-777,Tree Care,Checking,Lawn Care,Debit, $400.00 ,,,
2013,6,26,-777,Tree Care,Checking,Lawn Care,Debit, $385.00 ,,,
2013,6,10,-777,Dues Check,Checking,Dues,Credit, $500.00 ,,,
2013,7,11,-777,Grounds and Tree Care,Checking,Repair,Debit," $2,737.88 ",,,
2013,7,11,-777,Lawyer,Checking,Professional Services,Debit, $375.40 ,,,
2013,7,22,-777,Martin Montly Bill,Checking,Lawn Care,Debit," $1,237.60 ",,,
2013,7,24,-777,Office Supplies,Checking,Admin,Debit, $109.22 ,,,
2013,7,24,-777,Pepco,Checking,Electricity,Debit, $105.61 ,,,
2013,7,24,-777,Office Supplies,Checking,Admin,Debit, $74.58 ,,,
2013,7,24,-777,Office Supplies,Checking,Admin,Debit, $45.14 ,,,
2013,7,24,-777,Office Supplies,Checking,Admin,Debit, $38.16 ,,,
2013,7,24,-777,Office Supplies,Checking,Admin,Debit, $26.92 ,,,
2013,7,24,-777,Office Supplies,Checking,Admin,Debit, $11.72 ,,,
2013,7,24,-777,Office Supplies,Checking,Admin,Debit, $6.08 ,,,
2013,7,25,-777,Bee Removal,Checking,Lawn Care,Debit, $85.00 ,,,
2013,7,26,-777,County HOA Fee,Checking,Admin,Debit, $141.00 ,,,
2013,8,12,-777,Savatree,Checking,Lawn Care,Debit, $781.00 ,,,
2013,8,12,-777,Pepco,Checking,Electricity,Debit, $231.28 ,,,
2013,8,21,-777,Martin Montly Bill,Checking,Lawn Care,Debit," $1,237.60 ",,,
2013,9,16,-777,Pepco,Checking,Electricity,Debit, $20.01 ,,,
2013,9,23,-777,Martin Montly Bill,Checking,Lawn Care,Debit," $1,237.60 ",,,
2013,10,15,-777,Goldklang,Checking,Professional Services,Debit, $300.00 ,,,
2013,10,15,-777,Pepco,Checking,Electricity,Debit, $167.59 ,,,
2013,10,15,-777,St. Elizabeth,Checking,Admin,Debit, $100.00 ,,,
2013,10,21,-777,Lawyer,Checking,Professional Services,Debit, $28.85 ,,,
2013,10,21,-777,Martin Montly Bill,Checking,Lawn Care,Debit," $1,237.60 ",,,
2013,11,14,-777,Grounds and Tree Care,Checking,Lawn Care,Debit," $3,200.00 ",,,
2013,11,14,-777,Grounds and Tree Care,Checking,Lawn Care,Debit," $1,185.00 ",,,
2013,11,14,-777,Lighting,Checking,Repair,Debit, $847.25 ,,,
2013,11,14,-777,Pepco,Checking,Electricity,Debit, $157.27 ,,,
2013,11,21,-777,Martin Montly Bill,Checking,Lawn Care,Debit," $1,237.60 ",,,
2013,12,2,-777,Pepco,Checking,Electricity,Debit, $126.02 ,,,
2013,12,20,-777,Martin Montly Bill,Checking,Lawn Care,Debit," $1,237.60 ",,,
2014,1,3,-777,Tax Preparation,Checking,Professional Services,Debit," $1,850.00 ",,,
2014,1,3,-777,Snow Removal,Checking,Snow,Debit," $1,100.00 ",,,
2014,1,3,-777,Lighting Repairs,Checking,Repair,Debit, $350.00 ,,,
2014,1,3,-777,Pepco Monthly bill,Checking,Electricity,Debit, $127.78 ,,,
2014,1,21,-777,Martin Montly bill,Checking,Lawn Care,Debit," $1,249.00 ",,,
2014,1,24,-777,Snow Removal,Checking,Snow,Debit," $2,540.00 ",,,
2014,1,10,-777,Return Check,Checking,Refund,Credit, $100.00 ,,,
2014,1,27,-777,Dues Check,Checking,Dues,Credit, $970.00 ,,,
2014,1,27,-777,Dues Check,Checking,Dues,Credit, $970.00 ,,,
2014,1,27,-777,Dues Check,Checking,Dues,Credit, $970.00 ,,,
2014,1,27,-777,Dues Check,Checking,Dues,Credit, $970.00 ,,,
2014,1,27,-777,Dues Check,Checking,Dues,Credit, $970.00 ,,,
2014,1,27,-777,Dues Check,Checking,Dues,Credit, $970.00 ,,,
2014,1,27,-777,Dues Check,Checking,Dues,Credit, $970.00 ,,,
2014,1,27,-777,Dues Check,Checking,Dues,Credit, $970.00 ,,,
2014,1,27,-777,Dues Check,Checking,Dues,Credit, $970.00 ,,,
2014,1,27,-777,Dues Check,Checking,Dues,Credit, $970.00 ,,,
2014,1,27,-777,Dues Check,Checking,Dues,Credit, $400.00 ,,,
2014,2,7,-777,Snow Removal,Checking,Snow,Debit," $2,780.00 ",,,
2014,2,7,-777,Snow Removal,Checking,Snow,Debit," $1,740.00 ",,,
2014,2,10,-777,Tranfer to Reserves,Checking,To Reserves,Debit," $10,000.00 ",,,
2014,2,10,-777,Tranfer from Checking,Reserves,From Checking,Credit," $10,000.00 ",,,
2014,2,10,-777,Dues Check,Checking,Dues,Credit, $970.00 ,,,
2014,2,10,-777,Dues Check,Checking,Dues,Credit, $970.00 ,,,
2014,2,10,-777,Dues Check,Checking,Dues,Credit, $970.00 ,,,
2014,2,10,-777,Dues Check,Checking,Dues,Credit, $970.00 ,,,
2014,2,10,-777,Dues Check,Checking,Dues,Credit, $970.00 ,,,
2014,2,10,-777,Dues Check,Checking,Dues,Credit, $970.00 ,,,
2014,2,10,-777,Dues Check,Checking,Dues,Credit, $970.00 ,,,
2014,2,10,-777,Dues Check,Checking,Dues,Credit, $970.00 ,,,
2014,2,10,-777,Dues Check,Checking,Dues,Credit, $970.00 ,,,
2014,2,10,-777,Dues Check,Checking,Dues,Credit, $970.00 ,,,
2014,2,10,-777,Dues Check,Checking,Dues,Credit, $970.00 ,,,
2014,2,10,-777,Dues Check,Checking,Dues,Credit, $970.00 ,,,
2014,2,10,-777,Dues Check,Checking,Dues,Credit, $970.00 ,,,
2014,2,10,-777,Dues Check,Checking,Dues,Credit, $970.00 ,,,
2014,2,10,-777,Dues Check,Checking,Dues,Credit, $970.00 ,,,
2014,2,10,-777,Dues Check,Checking,Dues,Credit, $970.00 ,,,
2014,2,10,-777,Dues Check,Checking,Dues,Credit, $970.00 ,,,
2014,2,10,-777,Dues Check,Checking,Dues,Credit, $970.00 ,,,
2014,2,21,-777,Martin Montly bill,Checking,Lawn Care,Debit," $1,249.00 ",,,
2014,3,3,-777,Insurance,Checking,Insurance,Debit, $800.00 ,,,
2014,3,3,-777,Snow Removal,Checking,Snow,Debit, $560.00 ,,,
2014,3,3,-777,Pepco Monthly bill,Checking,Electricity,Debit, $223.21 ,,,
2014,3,3,-777,Lawyer Fees,Checking,Professional Services,Debit, $60.14 ,,,
2014,3,20,-777,Martin Montly bill,Checking,Lawn Care,Debit," $1,249.00 ",,,
2014,3,24,-777,Snow Removal,Checking,Snow,Debit," $5,960.00 ",,,
2014,3,24,-777,Snow Removal,Checking,Snow,Debit," $2,120.00 ",,,
2014,3,24,-777,Pepco Monthly bill,Checking,Electricity,Debit, $133.98 ,,,
2014,3,24,-777,Lawyer Fees,Checking,Professional Services,Debit, $58.50 ,,,
2014,3,4,-777,Dues Check,Checking,Dues,Credit, $970.00 ,,,
2014,3,4,-777,Dues Check,Checking,Dues,Credit, $970.00 ,,,
2014,3,4,-777,Dues Check,Checking,Dues,Credit, $970.00 ,,,
2014,3,4,-777,Dues Check,Checking,Dues,Credit, $970.00 ,,,
2014,3,4,-777,Dues Check,Checking,Dues,Credit, $970.00 ,,,
2014,3,4,-777,Dues Check,Checking,Dues,Credit, $970.00 ,,,
2014,3,4,-777,Dues Check,Checking,Dues,Credit, $970.00 ,,,
2014,3,4,-777,Dues Check,Checking,Dues,Credit, $970.00 ,,,
2014,3,4,-777,Dues Check,Checking,Dues,Credit, $970.00 ,,,
2014,3,4,-777,Dues Check,Checking,Dues,Credit," $1,047.00 ",,,
2014,3,4,-777,Dues Check,Checking,Dues,Credit, $970.00 ,,,
2014,3,4,-777,Dues Check,Checking,Dues,Credit, $970.00 ,,,
2014,3,4,-777,Dues Check,Checking,Dues,Credit, $970.00 ,,,
2014,3,4,-777,Dues Check,Checking,Dues,Credit, $970.00 ,,,
2014,3,4,-777,Dues Check,Checking,Dues,Credit, $970.00 ,,,
2014,3,4,-777,Dues Check,Checking,Dues,Credit, $970.00 ,,,
2014,4,16,-777,Snow Removal,Checking,Snow,Debit," $2,960.00 ",,,
2014,4,16,-777,Pepco Monthly bill,Checking,Electricity,Debit, $276.17 ,,,
2014,4,16,-777,Tree Repair,Checking,Tree Care,Debit, $175.00 ,,,
2014,4,21,-777,Martin Montly bill,Checking,Lawn Care,Debit," $1,249.00 ",,,
2014,4,16,-777,Tax Preparation,Checking,Professional Services,Debit, $100.00 ,,,
2014,5,9,-777,Tree Repair,Checking,Tree Care,Debit, $851.84 ,,,
2014,5,9,-777,Lawyer Fees,Checking,Professional Services,Debit, $168.75 ,,,
2014,5,14,-777,Website,Checking,Admin,Debit, $31.95 ,,,
2014,5,21,-777,Martin Montly bill,Checking,Lawn Care,Debit," $1,249.00 ",,,
2014,5,22,-777,Lighting Repairs,Checking,Repair,Debit," $1,000.00 ",,,
2014,5,27,-777,Plantings,Checking,Admin,Debit, $100.00 ,,,
2014,5,29,-777,Tree Repair,Checking,Tree Care,Debit, $700.00 ,,,
2014,5,12,-777,Dues Check,Checking,Dues,Credit, $970.00 ,,,
2014,6,23,-777,Martin Montly bill,Checking,Lawn Care,Debit," $1,249.00 ",,,
2014,7,21,-777,Martin Montly bill,Checking,Lawn Care,Debit," $1,249.00 ",,,
2014,8,6,-777,Pepco Monthly bill,Checking,Electricity,Debit, $328.11 ,,,
2014,8,6,-777,Property Diagnostics,Checking,Professional Services,Debit, $150.00 ,,,
2014,8,20,-777,Property Diagnostics,Checking,Professional Services,Debit," $1,350.00 ",,,
2014,8,21,-777,Martin Montly bill,Checking,Lawn Care,Debit," $1,249.00 ",,,
2014,8,27,-777,Montgomery County,Checking,Admin,Debit, $141.00 ,,,
2014,9,22,-777,Martin Montly bill,Checking,Lawn Care,Debit," $1,249.00 ",,,
2014,9,26,-777,Concrete Masters,Checking,Repair,Debit," $3,400.00 ",,,
2014,10,20,-777,Martin Montly bill,Checking,Lawn Care,Debit," $1,249.00 ",,,
2014,10,27,-777,Lawn Work,Checking,Lawn Care,Debit," $1,062.50 ",,,
2014,10,27,-777,Tax Preparation,Checking,Professional Services,Debit, $300.00 ,,,
2014,10,27,-777,Pepco Monthly bill,Checking,Electricity,Debit, $283.89 ,,,
2014,10,27,-777,Lighting Repairs,Checking,Electricity,Debit, $221.45 ,,,
2014,11,10,-777,Concrete Masters,Checking,Repair,Debit," $3,400.00 ",,,
2014,11,10,-777,Lawn Work,Checking,Lawn Care,Debit, $300.00 ,,,
2014,11,10,-777,Pepco Monthly bill,Checking,Electricity,Debit, $152.07 ,,,
2014,11,10,-777,Admin,Checking,Admin,Debit, $59.36 ,,,
2014,11,21,-777,Martin Montly bill,Checking,Lawn Care,Debit," $1,249.00 ",,,
2014,12,5,-777,Montgomery County,Checking,Taxes,Debit," $1,043.00 ",,,
2014,12,5,-777,Pepco Monthly bill,Checking,Electricity,Debit, $147.59 ,,,
2014,12,5,-777,Admin,Checking,Admin,Debit, $38.17 ,,,
2014,12,5,-777,Admin,Checking,Admin,Debit, $11.91 ,,,
2014,12,5,-777,Martin Montly bill,Checking,Lawn Care,Debit," $1,249.00 ",,,
2015,1,7,-777,Donation to St. E,Checking,Admin,Debit, $100.00 ,,,
2015,1,16,-777,Snow Removal,Checking,Snow,Debit," $1,580.00 ",,,
2015,1,16,-777,Pepco,Checking,Electricity,Debit, $158.58 ,,,
2015,1,20,-777,Goldklang audit related,Checking,Professional Services,Debit, $10.00 ,,,
2015,1,22,-777,Martin Monthly bill,Checking,Lawn Care,Debit," $1,249.00 ",,,
2015,1,5,-777,Dues Check,Checking,Dues,Credit, $970.00 ,,,
2015,1,14,-777,Dues Check,Checking,Dues,Credit, $970.00 ,,,
2015,1,14,-777,Dues Check,Checking,Dues,Credit, $970.00 ,,,
2015,1,14,-777,Dues Check,Checking,Dues,Credit, $970.00 ,,,
2015,1,14,-777,Dues Check,Checking,Dues,Credit, $970.00 ,,,
2015,1,14,-777,Dues Check,Checking,Dues,Credit, $970.00 ,,,
2015,1,14,-777,Dues Check,Checking,Dues,Credit, $970.00 ,,,
2015,1,14,-777,Dues Check,Checking,Dues,Credit, $970.00 ,,,
2015,1,14,-777,Dues Check,Checking,Dues,Credit, $970.00 ,,,
2015,1,14,-777,Dues Check,Checking,Dues,Credit, $970.00 ,,,
2015,1,14,-777,Dues Check,Checking,Dues,Credit, $970.00 ,,,
2015,2,19,-777,Goldklang audit related,Checking,Professional Services,Debit," $1,900.00 ",,,
2015,2,19,-777,Snow Removal,Checking,Snow,Debit," $1,840.00 ",,,
2015,2,19,-777,Pepco,Checking,Electricity,Debit, $216.03 ,,,
2015,2,19,-777,Lawyer,Checking,Professional Services,Debit, $28.75 ,,,
2015,2,23,-777,Martin Monthly bill,Checking,Lawn Care,Debit," $1,249.00 ",,,
2015,2,17,-777,Dues Check,Checking,Dues,Credit, $970.00 ,,,
2015,2,17,-777,Dues Check,Checking,Dues,Credit, $970.00 ,,,
2015,2,20,-777,Dues Check,Checking,Dues,Credit, $970.00 ,,,
2015,2,20,-777,Dues Check,Checking,Dues,Credit, $970.00 ,,,
2015,2,20,-777,Dues Check,Checking,Dues,Credit, $970.00 ,,,
2015,2,20,-777,Dues Check,Checking,Dues,Credit, $970.00 ,,,
2015,2,20,-777,Dues Check,Checking,Dues,Credit, $970.00 ,,,
2015,2,20,-777,Dues Check,Checking,Dues,Credit, $970.00 ,,,
2015,2,20,-777,Dues Check,Checking,Dues,Credit, $970.00 ,,,
2015,2,20,-777,Dues Check,Checking,Dues,Credit, $970.00 ,,,
2015,2,20,-777,Dues Check,Checking,Dues,Credit, $970.00 ,,,
2015,2,20,-777,Dues Check,Checking,Dues,Credit, $970.00 ,,,
2015,2,23,-777,Dues Check,Checking,Dues,Credit, $970.00 ,,,
2015,2,23,-777,Dues Check,Checking,Dues,Credit, $970.00 ,,,
2015,2,26,-777,Dues Check,Checking,Dues,Credit, $970.00 ,,,
2015,2,26,-777,Dues Check,Checking,Dues,Credit, $970.00 ,,,
2015,2,26,-777,Dues Check,Checking,Dues,Credit, $970.00 ,,,
2015,2,26,-777,Dues Check,Checking,Dues,Credit, $970.00 ,,,
2015,2,26,-777,Dues Check,Checking,Dues,Credit, $970.00 ,,,
2015,2,26,-777,Dues Check,Checking,Dues,Credit, $970.00 ,,,
2015,2,26,-777,Dues Check,Checking,Dues,Credit, $970.00 ,,,
2015,2,26,-777,Dues Check,Checking,Dues,Credit, $970.00 ,,,
2015,2,26,-777,Dues Check,Checking,Dues,Credit, $970.00 ,,,
2015,3,4,-777,Snow Removal,Checking,Snow,Debit," $5,120.00 ",,,
2015,3,23,-777,Martin Monthly bill,Checking,Lawn Care,Debit," $1,249.00 ",,,
2015,3,23,-777,Snow Removal,Checking,Snow,Debit," $3,040.00 ",,,
2015,3,23,-777,Snow Removal,Checking,Snow,Debit," $4,200.00 ",,,
2015,3,23,-777,Pepco,Checking,Electricity,Debit, $145.22 ,,,
2015,3,23,-777,Insurance,Checking,Insurance,Debit, $810.00 ,,,
2015,3,19,-777,Dues Check,Checking,Dues,Credit, $970.00 ,,,
2015,3,19,-777,Dues Check,Checking,Dues,Credit, $970.00 ,,,
2015,3,19,-777,Dues Check,Checking,Dues,Credit, $970.00 ,,,
2015,3,19,-777,Dues Check,Checking,Dues,Credit, $970.00 ,,,
2015,3,19,-777,Dues Check,Checking,Dues,Credit, $970.00 ,,,
2015,3,19,-777,Dues Check,Checking,Dues,Credit, $970.00 ,,,
2015,3,19,-777,Dues Check,Checking,Dues,Credit, $970.00 ,,,
2015,3,19,-777,Dues Check,Checking,Dues,Credit, $970.00 ,,,
2015,3,19,-777,Dues Check,Checking,Dues,Credit, $970.00 ,,,
2015,3,19,-777,Dues Check,Checking,Dues,Credit, $970.00 ,,,
2015,3,19,-777,Dues Check,Checking,Dues,Credit, $970.00 ,,,
2015,4,22,-777,Martin Monthly bill,Checking,Lawn Care,Debit," $1,249.00 ",,,
2015,4,24,-777,Pepco,Checking,Electricity,Debit, $85.98 ,,,
2015,4,24,-777,Goldklang  ,Checking,Tax Prep,Debit, $100.00 ,,,
2015,4,24,-777,Martin Repairs,Checking,Lawn Care,Debit, $300.00 ,,,
2015,4,24,-777,Snow Removal,Checking,Snow,Debit," $4,600.00 ",,,
2015,4,8,-777,Return check,Checking,Fees,Credit, $100.00 ,,,
2015,5,11,-777,Pepco,Checking,Electricity,Debit, $106.80 ,,,
2015,5,11,-777,Light Repair,Checking,Repair,Debit, $204.00 ,,,
2015,5,11,-777,Light Repair,Checking,Repair,Debit, $279.00 ,,,
2015,5,21,-777,Martin Monthly bill,Checking,Lawn Care,Debit," $1,249.00 ",,,
2015,6,15,-777,Yard Sale Expense,Checking,Admin,Debit, $49.56 ,,,
2015,6,15,-777,Pepco,Checking,Electricity,Debit, $102.99 ,,,
2015,6,15,-777,Goldklang,Checking,Tax Prep,Debit, $350.00 ,,,
2015,6,15,-777,Martin Monthly bill,Checking,Lawn Care,Debit," $1,249.00 ",,,
2015,7,22,-777,Martin Monthly bill,Checking,Lawn Care,Debit," $1,249.00 ",,,
2015,8,21,-777,Martin Monthly bill,Checking,Lawn Care,Debit," $1,249.00 ",,,
2015,9,23,-777,Montgomery County,Checking,Taxes,Debit, $141.00 ,,,
2015,9,23,-777,Martin Monthly bill,Checking,Lawn Care,Debit," $1,249.00 ",,,
2015,9,23,-777,Pepco,Checking,Electricity,Debit, $265.21 ,,,
2015,10,23,-777,Flowers for Sign,Checking,Lawn Care,Debit, $62.82 ,,,
2015,10,23,-777,Martin Monthly bill,Checking,Lawn Care,Debit," $1,249.00 ",,,
2015,10,23,-777,Martin Overseeding,Checking,Lawn Care,Debit, $750.00 ,,,
2015,11,12,-777,Lawyer,Checking,Admin,Debit, $127.50 ,,,
2015,11,18,-777,Pepco,Checking,Electricity,Debit, $450.76 ,,,
2015,11,23,-777,Martin Monthly bill,Checking,Lawn Care,Debit," $1,249.00 ",,,
2015,11,8,-777,Dues Check,Checking,Dues,Credit," $1,325.66 ",,,
2015,12,8,-777,Dues Check,Checking,Dues,Credit," $2,037.00 ",,,
2015,12,21,-777,Martin Monthly bill,Checking,Lawn Care,Debit," $1,249.00 ",,,
2015,12,28,-777,Lawyer,Checking,Admin,Debit, $28.75 ,,,
2015,12,28,-777,Pepco,Checking,Electricity,Debit, $144.75 ,,,
2015,12,28,-777,Tree Care,Checking,Lawn Care,Debit, $660.00 ,,,
2015,12,28,-777,Paving,Checking,Repair,Debit," $2,500.00 ",,,
2016,1,14,-777,Pepco,Checking,Electricity,Debit, $150.00 ,,,
2016,1,21,-777,Martin Monthly Bill,Checking,Lawn Care,Debit,1249,,,
2016,1,25,-777,Doug Ratay,Checking,Admin,Debit,20.8,,,
2016,1,25,-777,Save a Tree,Checking,Tree Care,Debit,156,,,
2016,1,22,-777,Dues Check,Checking,Dues,Credit,970,,,
2016,1,22,-777,Dues Check,Checking,Dues,Credit,970,,,
2016,1,22,-777,Dues Check,Checking,Dues,Credit,970,,,
2016,1,22,-777,Dues Check,Checking,Dues,Credit,970,,,
2016,1,22,-777,Dues Check,Checking,Dues,Credit,970,,,
2016,1,22,-777,Dues Check,Checking,Dues,Credit,970,,,
2016,1,22,-777,Dues Check,Checking,Dues,Credit,970,,,
2016,1,22,-777,Dues Check,Checking,Dues,Credit,970,,,
2016,1,22,-777,Dues Check,Checking,Dues,Credit,970,,,
2016,1,22,-777,Dues Check,Checking,Dues,Credit,970,,,
2016,2,2,-777,Verfication Fee,Checking,Admin,Debit,10,,,
2016,2,16,-777,Pepco,Checking,Electricity,Debit,200,,,
2016,2,18,-777,Martin Snow Removal ,Checking,Snow,Debit,6000,,,
2016,2,18,-777,Martin Snow Removal ,Checking,Snow,Debit,6480,,,
2016,2,22,-777,Martin Monthly Bill,Checking,Lawn Care,Debit,1249,,,
2016,2,1,-777,Dues Check,Checking,Dues,Credit,970,,,
2016,2,1,-777,Dues Check,Checking,Dues,Credit,970,,,
2016,2,1,-777,Dues Check,Checking,Dues,Credit,970,,,
2016,2,1,-777,Dues Check,Checking,Dues,Credit,970,,,
2016,2,1,-777,Dues Check,Checking,Dues,Credit,970,,,
2016,2,1,-777,Dues Check,Checking,Dues,Credit,970,,,
2016,2,1,-777,Dues Check,Checking,Dues,Credit,970,,,
2016,2,1,-777,Dues Check,Checking,Dues,Credit,970,,,
2016,2,1,-777,Dues Check,Checking,Dues,Credit,970,,,
2016,2,1,-777,Dues Check,Checking,Dues,Credit,970,,,
2016,2,3,-777,Dues Check,Checking,Dues,Credit,970,,,
2016,2,3,-777,Dues Check,Checking,Dues,Credit,970,,,
2016,2,3,-777,Dues Check,Checking,Dues,Credit,970,,,
2016,2,3,-777,Dues Check,Checking,Dues,Credit,970,,,
2016,2,3,-777,Dues Check,Checking,Dues,Credit,970,,,
2016,2,3,-777,Dues Check,Checking,Dues,Credit,970,,,
2016,2,3,-777,Dues Check,Checking,Dues,Credit,970,,,
2016,2,3,-777,Dues Check,Checking,Dues,Credit,970,,,
2016,2,3,-777,Dues Check,Checking,Dues,Credit,970,,,
2016,2,3,-777,Dues Check,Checking,Dues,Credit,970,,,
2016,2,3,-777,Dues Check,Checking,Dues,Credit,970,,,
2016,2,3,-777,Dues Check,Checking,Dues,Credit,970,,,
2016,2,3,-777,Dues Check,Checking,Dues,Credit,970,,,
2016,2,8,-777,Dues Check,Checking,Dues,Credit,970,,,
2016,2,8,-777,Dues Check,Checking,Dues,Credit,970,,,
2016,2,8,-777,Dues Check,Checking,Dues,Credit,970,,,
2016,2,8,-777,Dues Check,Checking,Dues,Credit,970,,,
2016,2,8,-777,Dues Check,Checking,Dues,Credit,970,,,
2016,2,8,-777,Dues Check,Checking,Dues,Credit,970,,,
2016,2,8,-777,Dues Check,Checking,Dues,Credit,970,,,
2016,2,8,-777,Dues Check,Checking,Dues,Credit,970,,,
2016,2,8,-777,Dues Check,Checking,Dues,Credit,970,,,
2016,2,8,-777,Dues Check,Checking,Dues,Credit,970,,,
2016,2,8,-777,Dues Check,Checking,Dues,Credit,970,,,
2016,2,8,-777,Dues Check,Checking,Dues,Credit,970,,,
2016,2,22,-777,Dues Check,Checking,Dues,Credit,970,,,
2016,2,22,-777,Dues Check,Checking,Dues,Credit,970,,,
2016,3,21,-777,Martin Monthly Bill,Checking,Lawn Care,Debit,1249,,,
2016,3,28,-777,GoldKlang,Checking,Professional Services,Debit,100,,,
2016,3,28,-777,Pepco,Checking,Electricity,Debit,197.17,,,
2016,3,28,-777,Tomato Electric,Checking,Repair,Debit,319.63,,,
2016,3,28,-777,State Farm,Checking,Insurance,Debit,925,,,
2016,3,28,-777,Martin Snow Removal ,Checking,Snow,Debit,2520,,,
2016,4,21,-777,Martin Monthly Bill,Checking,Lawn Care,Debit,1249,,,
2016,4,25,-777,Pepco,Checking,Electricity,Debit,323.18,,,
2016,4,25,-777,Montgomery County,Checking,Taxes,Debit,1293.15,,,
2016,4,25,-777,Montgomery County,Checking,Taxes,Debit,2389.44,,,
2016,4,25,-777,Montgomery County,Checking,Taxes,Debit,2402.51,,,
2016,4,25,-777,Montgomery County,Checking,Taxes,Debit,2675.6,,,
2016,5,16,-777,Nancy Crenca,Checking,Admin,Debit,19.6,,,
2016,5,16,-777,Pepco,Checking,Electricity,Debit,261.15,,,
2016,5,23,-777,Martin Monthly Bill,Checking,Lawn Care,Debit,1249,,,
2016,5,23,-777,Montgomery County,Checking,Taxes,Debit,2389.44,,,
2016,5,23,-777,Montgomery County,Checking,Taxes,Debit,2675.6,,,
2016,5,13,-777,Check Return,Checking,Fees,Credit,2389.44,,,
2016,5,13,-777,Check Return,Checking,Fees,Credit,2675.6,,,
2016,6,22,-777,Martin Monthly Bill,Checking,Lawn Care,Debit,1249,,,
2016,7,21,-777,Martin Monthly Bill,Checking,Lawn Care,Debit,1249,,,
2016,7,11,-777,Sandy Spring Bank,Checking,Admin,Credit,35,,,
2016,8,15,-777,Montgomery County,Checking,Taxes,Debit,35,,,
2016,8,15,-777,Montgomery County,Checking,Taxes,Debit,2298.6,,,
2016,8,22,-777,Pepco,Checking,Electricity,Debit,41.18,,,
2016,8,22,-777,Montgomery County,Checking,Admin,Debit,235,,,
2016,8,22,-777,GoldKlang,Checking,Professional Services,Debit,350,,,
2016,8,31,-777,Anna Couvillon,Checking,Admin,Debit,17.45,,,
2016,8,31,-777,Maura Grace,Checking,Admin,Debit,58.24,,,
2016,8,31,-777,Maura Grace,Checking,Admin,Debit,70.52,,,
2016,8,31,-777,Maura Grace,Checking,Admin,Debit,20.91,,,
2016,8,31,-777,The Care of Trees,Checking,Tree Care,Debit,220,,,
2016,9,8,-777,Pepco,Checking,Electricity,Debit,164.01,,,
2016,9,21,-777,Martin Monthly Bill,Checking,Lawn Care,Debit,1249,,,
2016,10,11,-777,Tomato Electric,Checking,Repair,Debit,162,,,
2016,10,21,-777,Martin Monthly Bill,Checking,Lawn Care,Debit,1249,,,
2016,10,21,-777,Pepco,Checking,Electricity,Debit,108.92,,,
2016,10,28,-777,GoldKlang,Checking,Professional Services,Debit," $4,350.00 ",,,
2016,11,7,-777,Nancy Crenca,Checking,Admin,Debit, $28.20 ,,,
2016,11,7,-777,Nancy Crenca,Checking,Admin,Debit, $54.05 ,,,
2016,11,7,-777,Pepco,Checking,Electricity,Debit, $153.44 ,,,
2016,11,21,-777,Martin Monthly Bill,Checking,Lawn Care,Debit," $1,249.00 ",,,
2016,11,30,-777,Martin Lawn Service,Checking,Tree Care,Debit, $500.00 ,,,
2016,11,30,-777,Martin Lawn Service,Checking,Lawn Care,Debit, $739.00 ,,,
2016,11,30,-777,Refund,Checking,Fees,Credit, $17.45 ,,,
2016,12,19,-777,Martin Monthly Bill,Checking,Lawn Care,Debit," $1,249.00 ",,,
2017,1,3,-777,Lawyer,Checking,Professional Services,Debit, $63.75 ,,,
2017,1,3,-777,Tree Care,Checking,Tree Care,Debit," $1,310.00 ",,,
2017,1,17,-777,Anna Couvillon,Checking,Admin,Debit, $17.45 ,,,
2017,1,17,-777,Nancy Crenca,Checking,Admin,Debit, $150.00 ,,,
2017,1,6,-777,Dues Check,Checking,Dues,Credit," $1,050.00 ",,,
2017,1,6,-777,Dues Check,Checking,Dues,Credit," $1,050.00 ",,,
2017,1,9,-777,Dues Check,Checking,Dues,Credit," $1,050.00 ",,,
2017,1,10,-777,Dues Check,Checking,Dues,Credit," $1,050.00 ",,,
2017,1,10,-777,Dues Check,Checking,Dues,Credit," $1,050.00 ",,,
2017,1,11,-777,Dues Check,Checking,Dues,Credit," $1,050.00 ",,,
2017,1,11,-777,Dues Check,Checking,Dues,Credit," $1,050.00 ",,,
2017,1,12,-777,Dues Check,Checking,Dues,Credit," $1,050.00 ",,,
2017,1,12,-777,Dues Check,Checking,Dues,Credit," $1,050.00 ",,,
2017,1,13,-777,Dues Check,Checking,Dues,Credit," $1,050.00 ",,,
2017,1,13,-777,Dues Check,Checking,Dues,Credit," $1,050.00 ",,,
2017,1,13,-777,Dues Check,Checking,Dues,Credit," $1,050.00 ",,,
2017,1,13,-777,Dues Check,Checking,Dues,Credit," $1,050.00 ",,,
2017,1,13,-777,Dues Check,Checking,Dues,Credit," $1,050.00 ",,,
2017,1,13,-777,Dues Check,Checking,Dues,Credit," $1,050.00 ",,,
2017,1,13,-777,Dues Check,Checking,Dues,Credit," $1,050.00 ",,,
2017,1,20,-777,Dues Check,Checking,Dues,Credit," $1,050.00 ",,,
2017,1,20,-777,Dues Check,Checking,Dues,Credit," $1,050.00 ",,,
2017,1,20,-777,Dues Check,Checking,Dues,Credit," $1,050.00 ",,,
2017,1,20,-777,Dues Check,Checking,Dues,Credit," $1,050.00 ",,,
2017,1,20,-777,Dues Check,Checking,Dues,Credit," $1,050.00 ",,,
2017,1,20,-777,Dues Check,Checking,Dues,Credit," $1,050.00 ",,,
2017,1,25,-777,Dues Check,Checking,Dues,Credit," $1,050.00 ",,,
2017,1,25,-777,Dues Check,Checking,Dues,Credit," $1,050.00 ",,,
2017,1,30,-777,Dues Check,Checking,Dues,Credit," $1,050.00 ",,,
2017,1,30,-777,Dues Check,Checking,Dues,Credit," $1,050.00 ",,,
2017,1,30,-777,Dues Check,Checking,Dues,Credit," $1,050.00 ",,,
2017,1,30,-777,Dues Check,Checking,Dues,Credit," $1,050.00 ",,,
2017,1,30,-777,Dues Check,Checking,Dues,Credit," $1,050.00 ",,,
2017,1,30,-777,Dues Check,Checking,Dues,Credit," $1,050.00 ",,,
2017,1,30,-777,Dues Check,Checking,Dues,Credit," $1,050.00 ",,,
2017,1,30,-777,Dues Check,Checking,Dues,Credit," $1,050.00 ",,,
2017,2,6,-777,Pepco,Checking,Electricity,Debit, $161.11 ,,,
2017,2,6,-777,Martin Monthly Bill,Checking,Lawn Care,Debit," $1,249.00 ",,,
2017,2,7,-777,Service Charge,Checking,Admin,Debit, $9.00 ,,,
2017,2,8,-777,Pepco,Checking,Electricity,Debit, $166.64 ,,,
2017,2,23,-777,Tax Prep,Checking,Professional Services,Debit, $100.00 ,,,
2017,2,23,-777,Snow Removal,Checking,Snow,Debit, $720.00 ,,,
2017,2,24,-777,Martin Monthly Bill,Checking,Lawn Care,Debit," $1,249.00 ",,,
2017,2,3,-777,Dues Check,Checking,Dues,Credit," $1,050.00 ",,,
2017,2,3,-777,Dues Check,Checking,Dues,Credit," $1,050.00 ",,,
2017,2,3,-777,Dues Check,Checking,Dues,Credit," $1,050.00 ",,,
2017,2,3,-777,Dues Check,Checking,Dues,Credit," $1,050.00 ",,,
2017,2,3,-777,Dues Check,Checking,Dues,Credit," $1,050.00 ",,,
2017,2,3,-777,Dues Check,Checking,Dues,Credit," $1,050.00 ",,,
2017,2,3,-777,Dues Check,Checking,Dues,Credit," $1,050.00 ",,,
2017,2,3,-777,Dues Check,Checking,Dues,Credit," $1,050.00 ",,,
2017,2,3,-777,Dues Check,Checking,Dues,Credit," $1,050.00 ",,,
2017,2,3,-777,Dues Check,Checking,Dues,Credit," $1,050.00 ",,,
2017,2,3,-777,Dues Check,Checking,Dues,Credit," $1,050.00 ",,,
2017,2,3,-777,Dues Check,Checking,Dues,Credit," $1,050.00 ",,,
2017,2,3,-777,Dues Check,Checking,Dues,Credit," $1,050.00 ",,,
2017,3,13,-777,Pepco,Checking,Electricity,Debit, $330.41 ,,,
2017,3,24,-777,Martin Monthly Bill,Checking,Lawn Care,Debit," $1,249.00 ",,,
2017,3,10,-777,Dues Check,Checking,Dues,Credit, $500.00 ,,,
2017,4,10,-777,Insurance,Checking,Insurance,Debit," $1,119.00 ",,,
2017,4,10,-777,Snow Removal,Checking,Snow,Debit," $2,440.00 ",,,
2017,4,24,-777,Martin Monthly Bill,Checking,Lawn Care,Debit," $1,249.00 ",,,
2017,4,7,-777,Dues Check,Checking,Dues,Credit, $550.00 ,,,
2017,4,17,-777,Dues Check,Checking,Dues,Credit," $1,050.00 ",,,
2017,5,8,-777,Pepco,Checking,Electricity,Debit, $281.31 ,,,
2017,5,10,-777,Audit,Checking,Professional Services,Debit," $2,500.00 ",,,
2017,5,24,-777,Martin Monthly Bill,Checking,Lawn Care,Debit," $1,249.00 ",,,
2017,6,1,-777,Bobby Polsky,Checking,Repair,Debit, $279.00 ,,,
2017,6,1,-777,Bobby Polsky,Checking,Repair,Debit, $925.00 ,,,
2017,6,1,-777,Dominion Paving,Checking,Repair,Debit," $5,497.00 ",,,
2017,6,7,-777,Pepco,Checking,Electricity,Debit, $117.88 ,,,
2017,6,26,-777,Martin Monthly Bill,Checking,Lawn Care,Debit," $1,249.00 ",,,
2017,7,17,-777,Tax Prep,Checking,Professional Services,Debit, $350.00 ,,,
2017,7,17,-777,Property Taxes,Checking,Taxes,Debit," $2,298.60 ",,,
2017,7,24,-777,Martin Monthly Bill,Checking,Lawn Care,Debit," $1,249.00 ",,,
2017,8,16,-777,Montgomery Cnty CCR,Checking,Taxes,Debit, $235.00 ,,,
2017,8,17,-777,Bobby Polsky,Checking,Repair,Debit, $5.19 ,,,
2017,8,17,-777,Bobby Polsky,Checking,Repair,Debit, $22.85 ,,,
2017,8,17,-777,Bobby Polsky,Checking,Repair,Debit, $24.93 ,,,
2017,8,17,-777,Pepco,Checking,Electricity,Debit, $271.35 ,,,
2017,8,24,-777,Martin Monthly Bill,Checking,Lawn Care,Debit," $1,249.00 ",,,
2017,8,31,-777,Insurance,Checking,Refund,Credit, $233.28 ,,,
2017,9,13,-777,Pepco,Checking,Electricity,Debit, $133.05 ,,,
2017,9,25,-777,Martin Monthly Bill,Checking,Lawn Care,Debit," $1,249.00 ",,,
2017,10,25,-777,Martin Monthly Bill,Checking,Lawn Care,Debit," $1,249.00 ",,,
2017,10,30,-777,Pepco,Checking,Electricity,Debit, $150.00 ,,,
2017,10,30,-777,Fence repair,Checking,Repair,Debit, $185.00 ,,,
2017,10,30,-777,Lawyer,Checking,Professional Services,Debit, $366.71 ,,,
2017,10,30,-777,Tree Care,Checking,Tree Care,Debit, $720.00 ,,,
2017,10,30,-777,Martin Stone Path,Checking,Repair,Debit," $2,565.00 ",,,
2017,10,30,-777,Tree Care,Checking,Tree Care,Debit, $225.00 ,,,
2017,11,22,-777,Nancy Crenca,Checking,Admin,Debit, $59.50 ,,,
2017,11,22,-777,Anna Couvillon,Checking,Admin,Debit, $68.96 ,,,
2017,11,22,-777,Pepco,Checking,Electricity,Debit, $323.56 ,,,
2017,11,27,-777,Martin Monthly Bill,Checking,Lawn Care,Debit," $1,249.00 ",,,
2017,12,11,-777,Triangle Home,Checking,Tree Care,Debit, $255.00 ,,,
2017,12,11,-777,Martin extra seeding,Checking,Lawn Care,Debit, $450.00 ,,,
2017,12,26,-777,Martin Monthly Bill,Checking,Lawn Care,Debit," $1,249.00 ",,,
2017,12,28,-777,Pepco,Checking,Electricity,Debit, $23.52 ,,,
2018,1,2,-777,Lawyer,Checking,Professional Services,Debit, $450.00 ,,,
2018,1,4,-777,Doug Ratay,Checking,Admin,Debit, $13.77 ,,,
2018,1,4,-777,Doug Ratay,Checking,Admin,Debit, $29.40 ,,,
2018,1,5,-777,Pepco,Checking,Electricity,Debit, $160.67 ,,,
2018,1,11,-777,Bank Fee,Checking,Admin,Debit, $10.00 ,,,
2018,1,18,-777,Snow Removal,Checking,Snow Removal,Debit," $1,425.00 ",,,
2018,1,18,-777,Martin Monthly Bill,Checking,Lawn Care,Debit," $1,249.00 ",,,
2018,1,5,-777,Dues Check,Checking,Dues,Credit," $1,050.00 ",,,
2018,1,5,-777,Dues Check,Checking,Dues,Credit," $1,050.00 ",,,
2018,1,8,-777,Dues Check,Checking,Dues,Credit," $1,050.00 ",,,
2018,1,8,-777,Dues Check,Checking,Dues,Credit," $1,050.00 ",,,
2018,1,16,-777,Dues Check,Checking,Dues,Credit," $1,050.00 ",,,
2018,1,16,-777,Dues Check,Checking,Dues,Credit," $1,050.00 ",,,
2018,1,16,-777,Dues Check,Checking,Dues,Credit," $1,050.00 ",,,
2018,1,16,-777,Dues Check,Checking,Dues,Credit," $1,050.00 ",,,
2018,1,16,-777,Dues Check,Checking,Dues,Credit," $1,050.00 ",,,
2018,1,16,-777,Dues Check,Checking,Dues,Credit," $1,050.00 ",,,
2018,1,16,-777,Dues Check,Checking,Dues,Credit," $1,050.00 ",,,
2018,1,16,-777,Dues Check,Checking,Dues,Credit," $1,050.00 ",,,
2018,1,16,-777,Dues Check,Checking,Dues,Credit," $1,050.00 ",,,
2018,1,16,-777,Dues Check,Checking,Dues,Credit," $1,050.00 ",,,
2018,1,16,-777,Dues Check,Checking,Dues,Credit," $1,050.00 ",,,
2018,1,16,-777,Dues Check,Checking,Dues,Credit," $1,050.00 ",,,
2018,1,16,-777,Dues Check,Checking,Dues,Credit," $1,050.00 ",,,
2018,1,16,-777,Dues Check,Checking,Dues,Credit," $1,050.00 ",,,
2018,1,16,-777,Dues Check,Checking,Dues,Credit," $1,050.00 ",,,
2007,1,3,558,Pepco,Checking,Electricity,Debit, $193.32 ,,,
2007,1,10,555,Lancaster Landscaping,Checking,Snow,Debit," $1,231.88 ",,,
2007,2,6,560,Capital City Contractors,Checking,Lawn Care,Debit," $1,182.88 ",,,
2007,2,7,559,Pepco,Checking,Electricity,Debit, $210.06 ,,,
2007,2,23,,Withdrawl/place in 13mo CD,Checking,To Reserves,Debit," $10,000.00 ",,,
2007,2,28,561,Capital City Contractors,Checking,Snow,Debit," $2,035.38 ",,,
2007,3,13,564,SaveATree,Checking,Tree Care,Debit, $196.65 ,,,
2007,3,13,563,Pepco,Checking,Electricity,Debit, $152.59 ,,,
2007,3,14,562,Capital City Contractors,Checking,Lawn Care,Debit," $1,090.00 ",,,
2007,3,22,565,SaveATree,Checking,Tree Care,Debit," $1,245.00 ",,,
2007,3,28,567,State Farm Insurance,Checking,Insurance,Debit, $790.00 ,,,
2007,4,2,568,Capital City Contractors,Checking,Lawn Care,Debit," $1,454.00 ",,,
2007,4,2,569,Capital City Contractors,Checking,Lawn Care,Debit," $1,182.88 ",,,
2007,4,4,570,Capital City Contractors,Checking,Lawn Care,Debit, $979.00 ,,,
2007,4,9,572,Federal Taxes,Checking,Taxes,Debit, $600.00 ,,,
2007,4,11,574,Pepco,Checking,Electricity,Debit, $172.04 ,,,
2007,4,12,573,Capital City Contractors,Checking,Lawn Care,Debit, $410.00 ,,,
2007,4,20,571,Maryland Comptroller,Checking,Taxes,Debit, $300.00 ,,,
2007,4,27,575,,Checking,Admin,Debit," $1,025.00 ",,,
2007,4,30,576,Capital City Contractors,Checking,Lawn Care,Debit," $1,182.88 ",,,
2007,5,9,578,"Goldklang, Cavanaugh, & Asc.",Checking,Professional Services,Debit, $275.00 ,,,
2007,5,9,579,Roy Watts/Sidewalk Repair,Checking,Repair,Debit," $1,175.00 ",,,
2007,5,9,577,Pepco,Checking,Electricity,Debit, $145.44 ,,,
2007,5,29,580,Capital City Contractors,Checking,Lawn Care,Debit," $3,500.48 ",,,
2007,5,29,581,Paul Levy/Office Supplies,Checking,Admin,Debit, $55.35 ,,,
2007,6,12,,Service Charge,Checking,Admin,Debit, $0.81 ,,,
2007,6,18,582,Pepco,Checking,Electricity,Debit, $129.75 ,,,
2007,7,2,583,Capital City Contractors,Checking,Lawn Care,Debit," $1,182.88 ",,,
2007,7,17,584,Pepco,Checking,Electricity,Debit, $145.46 ,,,
2007,7,31,585,David Gardner/Attorney,Checking,Professional Services,Debit, $185.82 ,,,
2007,8,2,586,Capital City Contractors,Checking,Lawn Care,Debit," $1,522.88 ",,,
2007,8,10,587,Pepco,Checking,Electricity,Debit, $148.49 ,,,
2007,8,16,589,SaveATree,Checking,Tree Care,Debit, $100.00 ,,,
2007,8,29,590,Capital City Contractors,Checking,Lawn Care,Debit," $1,398.88 ",,,
2007,8,31,586,?,Checking,Admin,Debit," $1,522.88 ",,,
2007,9,1,588,SaveATree,Checking,Tree Care,Debit, $256.75 ,,,
2007,9,6,591,Steve Cordell/Light Bulbs,Checking,Repair,Debit, $11.94 ,,,
2007,9,6,593,Pepco,Checking,Electricity,Debit, $130.11 ,,,
2007,9,6,592,Paul Levy/Office Supplies,Checking,Admin,Debit, $19.91 ,,,
2007,10,1,595,Capital City Contractors,Checking,Lawn Care,Debit," $1,326.88 ",,,
2007,10,2,596,David Gardner/Attorney,Checking,Professional Services,Debit, $42.50 ,,,
2007,10,3,594,Steve Cordell/Light Bulbs,Checking,Repair,Debit, $94.80 ,,,
2007,10,11,597,Carol MacLoud/Office Supplies,Checking,Admin,Debit, $30.90 ,,,
2007,11,5,596,Capital City Contractors,Checking,Lawn Care,Debit," $1,638.32 ",,,
2007,11,14,599,Pepco,Checking,Electricity,Debit, $311.67 ,,,
2007,12,5,600,David Gardner/Attorney,Checking,Professional Services,Debit, $176.40 ,,,
2007,12,6,601,Steve Cordell/Light Bulbs,Checking,Repair,Debit, $309.20 ,,,
2007,12,12,602,St. Elizabeth's Donation,Checking,Admin,Debit, $100.00 ,,,
2007,12,26,606,Paul Levy/Office Supplies,Checking,Admin,Debit, $48.45 ,,,
2007,12,27,605,Martin Lawn Service,Checking,Lawn Care,Debit, $945.00 ,,,
2007,12,27,607,Pepco,Checking,Electricity,Debit, $149.50 ,,,
2008,1,25,608,Martin Lawn Service Snow,Checking,Snow,Debit,"1,727.50 ",,,
2008,2,14,609,Lighting Maint. Inc - Capacitor,Checking,Repair,Debit,185.99 ,,,
2008,2,14,610,Martin Lawn Service ,Checking,Lawn Care,Debit,"1,213.34 ",,,
2008,2,14,611,Pepco,Checking,Electricity,Debit,180.59 ,,,
2008,2,23,612,Martin Lawn Service,Checking,Lawn Care,Debit,"1,213.34 ",,,
2008,3,6,614,Pepco,Checking,Electricity,Debit,163.00 ,,,
2008,3,6,615,Cordell,Checking,Repair,Debit,9.85 ,,,
2008,3,6,616,Cordell,Checking,Repair,Debit,9.85 ,,,
2008,3,18,617,Martin,Checking,Lawn Care,Debit,250.00 ,,,
2008,3,18,618,State Farm,Checking,Insurance,Debit,792.00 ,,,
2008,3,27,619,US Treasury,Checking,Taxes,Debit,600.00 ,,,
2008,3,27,620,Maryland Comptroller,Checking,Taxes,Debit,300.00 ,,,
2008,4,3,621,Pepco,Checking,Electricity,Debit,181.67 ,,,
2008,4,3,622,Martin,Checking,Lawn Care,Debit,"1,213.34 ",,,
2008,4,3,623,Audit Goldklang,Checking,Professional Services,Debit,50.00 ,,,
2008,5,11,624,Save a Tree,Checking,Tree Care,Debit,"1,700.00 ",,,
2008,5,11,625,Martin,Checking,Lawn Care,Debit,"1,213.34 ",,,
2008,5,11,626,Pepco,Checking,Electricity,Debit,140.51 ,,,
2008,5,23,627,Save a Tree,Checking,Tree Care,Debit,375.00 ,,,
2008,6,7,628,Martin,Checking,Lawn Care,Debit,"1,898.34 ",,,
2008,6,7,629,Pepco,Checking,Electricity,Debit,117.41 ,,,
2008,6,10,630,Lighting Maint. Inc - Photocel,Checking,Repair,Debit,933.08 ,,,
2008,7,10,631,Pepco,Checking,Electricity,Debit,114.39 ,,,
2008,7,10,632,Martin Lawn Service ,Checking,Lawn Care,Debit,"3,303.34 ",,,
2008,7,10,633,David Gardner - Lawyer,Checking,Professional Services,Debit,100.00 ,,,
2008,7,16,634,Lighting Maint. Inc -Rewiring,Checking,Repair,Debit,"2,915.77 ",,,
2008,8,7,635,Martin,Checking,Lawn Care,Debit,"1,213.34 ",,,
2008,8,7,636,Pepco,Checking,Electricity,Debit,164.04 ,,,
2008,8,23,637,Tax Preparation Goldklang,Checking,Professional Services,Debit,275.00 ,,,
2008,9,3,638,Tax Fed,Checking,Taxes,Debit,60.00 ,,,
2008,9,6,639,Martin,Checking,Lawn Care,Debit,"1,213.34 ",,,
2008,9,6,640,Pepco,Checking,Electricity,Debit,163.42 ,,,
2008,10,6,641,Martin,Checking,Lawn Care,Debit,"1,213.34 ",,,
2008,10,6,642,Pepco,Checking,Electricity,Debit,214.81 ,,,
2008,10,14,643,Paul Levy,Checking,Admin,Debit,52.69 ,,,
2008,10,22,644,Goldklang Tax,Checking,Professional Services,Debit,25.00 ,,,
2008,10,25,645,Martin,Checking,Lawn Care,Debit,440.00 ,,,
2008,11,4,646,Pepco,Checking,Electricity,Debit,191.76,,,
2008,11,4,648,Martin,Checking,Lawn Care,Debit,1213.34,,,
2008,12,10,-777,Martin,Checking,Lawn Care,Debit,1213.34,,,
2008,12,13,-777,Pepco,Checking,Electricity,Debit,196.26,,,
2007,1,1,-777,Dues,Checking,Dues,Credit,3205,,,
2007,1,1,-777,Dues,Checking,Dues,Credit,1602.5,,,
2007,1,1,-777,Dues,Checking,Dues,Credit,2564,,,
2007,1,1,-777,Dues,Checking,Dues,Credit,1923,,,
2007,1,1,-777,Dues,Checking,Dues,Credit,3846,,,
2007,1,1,-777,Dues,Checking,Dues,Credit,2884,,,
2007,1,1,-777,Dues,Checking,Dues,Credit,2884,,,
2007,1,1,-777,Dues,Checking,Dues,Credit,2564,,,
2007,2,1,-777,Dues,Checking,Dues,Credit,1922,,,
2007,2,1,-777,Dues,Checking,Dues,Credit,641,,,
2007,2,1,-777,Dues,Checking,Dues,Credit,641,,,
2007,2,1,-777,Dues,Checking,Dues,Credit,320,,,
2007,2,1,-777,Dues,Checking,Dues,Credit,641,,,
2007,3,1,-777,Dues,Checking,Dues,Credit,651,,,
2007,3,1,-777,Dues,Checking,Dues,Credit,320.5,,,
2007,3,1,-777,Dues,Checking,Dues,Credit,320.5,,,
2007,3,1,-777,Dues,Checking,Dues,Credit,321,,,
2007,4,1,-777,Dues,Checking,Dues,Credit,961,,,
2007,4,1,-777,Tax Refund,Checking,Refund,Credit,100,,,
2007,5,1,-777,?,Checking,Refund,Credit,705,,,
2007,5,1,-777,Cashed CD,Checking,From Reserves,Credit,10106.62,,,
2007,7,1,-777,Fee Refund,Checking,Refund,Credit,0.81,,,
2007,7,1,-777,Tax Refund,Checking,Refund,Credit,104,,,
2007,9,1,-777,Processing Fee,Checking,Refund,Credit,25,,,
2007,9,1,-777,Dues,Checking,Dues,Credit,1145.35,,,
2007,12,1,-777,Cashed CD,Checking,From Reserves,Credit,3000,,,
2009,1,1,-777,Pepco,Checking,Electricity,Debit, $212.61 ,,,
2009,1,1,-777,Martin,Checking,Lawn Care,Debit," $1,213.34 ",,,
2009,1,1,-777,Property Survey,Checking,Professional Services,Debit," $1,800.00 ",,,
2009,1,1,-777,Donation to St. E's,Checking,Admin,Debit, $100.00 ,,,
2009,2,1,-777,Pepco,Checking,Electricity,Debit, $217.38 ,,,
2009,2,1,-777,Martin,Checking,Snow,Debit," $2,552.50 ",,,
2009,2,1,-777,Martin,Checking,Lawn Care,Debit," $1,237.60 ",,,
2009,2,1,-777,Lighting Maintanence,Checking,Repair,Debit, $309.38 ,,,
2009,2,1,-777,Transfer to Reserves,Checking,To Reserves,Debit," $10,007.00 ",,,
2009,3,1,-777,Pepco,Checking,Electricity,Debit, $188.91 ,,,
2009,3,1,-777,Martin,Checking,Lawn Care,Debit," $1,237.60 ",,,
2009,3,1,-777,State Farm Insurance,Checking,Insurance,Debit, $797.00 ,,,
2009,3,1,-777,Martin,Checking,Snow,Debit," $2,420.00 ",,,
2009,4,1,-777,Martin,Checking,Lawn Care,Debit," $1,237.60 ",,,
2009,4,1,-777,Pepco,Checking,Electricity,Debit, $183.62 ,,,
2009,4,1,-777,US Treasury,Checking,Taxes,Debit, $600.00 ,,,
2009,4,1,-777,Maryland Comptroller,Checking,Taxes,Debit, $300.00 ,,,
2009,4,1,-777,Goldklang Accnts.,Checking,Professional Services,Debit, $100.00 ,,,
2009,5,1,-777,Martin,Checking,Lawn Care,Debit," $1,237.60 ",,,
2009,5,1,-777,Pepco,Checking,Electricity,Debit, $166.19 ,,,
2009,5,1,-777,Website Hosting,Checking,Admin,Debit, $24.95 ,,,
2009,6,1,-777,Pepco,Checking,Electricity,Debit, $134.19 ,,,
2009,6,1,-777,Martin,Checking,Lawn Care,Debit," $1,237.60 ",,,
2009,6,1,-777,Martin,Checking,Lawn Care,Debit, $300.00 ,,,
2009,7,1,-777,Universal Seal - Asphalt,Checking,Repair,Debit," $4,525.00 ",,,
2009,7,1,-777,Martin,Checking,Lawn Care,Debit," $1,237.60 ",,,
2009,7,1,-777,Montgomery County - Tax,Checking,Taxes,Debit, $720.00 ,,,
2009,7,1,-777,David Gardner - Lawer,Checking,Professional Services,Debit, $195.00 ,,,
2009,7,1,-777,Lighting Maintanence,Checking,Repair,Debit, $233.51 ,,,
2009,7,1,-777,Pepco,Checking,Electricity,Debit, $329.69 ,,,
2009,8,1,-777,Martin,Checking,Lawn Care,Debit," $1,237.60 ",,,
2009,8,1,-777,Lighting Maintanence,Checking,Repair,Debit, $141.68 ,,,
2009,9,1,-777,Pepco,Checking,Electricity,Debit, $121.60 ,,,
2009,9,1,-777,Martin,Checking,Lawn Care,Debit," $1,237.60 ",,,
2009,9,1,-777,Goldklang Accnts.,Checking,Professional Services,Debit, $300.00 ,,,
2009,9,1,-777,Doug Ratay(mailing supplies),Checking,Admin,Debit, $7.70 ,,,
2009,9,1,-777,Steve Cordell (lighting),Checking,Repair,Debit, $9.51 ,,,
2009,10,1,-777,Lighting Maintanence,Checking,Repair,Debit, $250.63 ,,,
2009,10,1,-777,Pepco,Checking,Electricity,Debit, $187.35 ,,,
2009,10,1,-777,Martin,Checking,Lawn Care,Debit," $1,937.60 ",,,
2009,10,1,-777,Savatree,Checking,Tree Care,Debit, $207.00 ,,,
2009,10,1,-777,Janan Slough (mailing supplies),Checking,Admin,Debit, $90.27 ,,,
2009,10,1,-777,Sandy Spring (statements),Checking,Admin,Debit, $10.00 ,,,
2009,10,1,-777,Lighting Maintanence,Checking,Repair,Debit, $560.82 ,,,
2009,10,1,-777,Pepco,Checking,Electricity,Debit, $174.81 ,,,
2009,10,1,-777,Doug Ratay(picnic supplies),Checking,Admin,Debit, $74.48 ,,,
2009,11,1,-777,Martin,Checking,Lawn Care,Debit," $1,237.60 ",,,
2009,11,1,-777,Martin,Checking,Lawn Care,Debit," $1,200.00 ",,,
2009,11,1,-777,Pepco,Checking,Electricity,Debit, $168.20 ,,,
2009,12,1,-777,Martin,Checking,Lawn Care,Debit," $1,237.60 ",,,
2009,12,1,-777,Martin,Checking,Snow,Debit, $760.00 ,,,
2009,12,1,-777,David Gardner - Lawer,Checking,Professional Services,Debit, $175.00 ,,,
2009,21,1,-777,Lighting Maintanence,Checking,Repair,Debit, $101.08 ,,,
2009,12,1,-777,Martin,Checking,Snow,Debit," $4,160.00 ",,,
2009,1,1,-777,Dues,Checking,Dues,Credit, $880.00 ,,,
2009,1,1,-777,Dues,Checking,Dues,Credit, $880.00 ,,,
2009,1,1,-777,Dues,Checking,Dues,Credit, $880.00 ,,,
2009,1,1,-777,Dues,Checking,Dues,Credit, $880.00 ,,,
2009,1,1,-777,Dues,Checking,Dues,Credit, $880.00 ,,,
2009,1,1,-777,Dues,Checking,Dues,Credit, $880.00 ,,,
2009,1,1,-777,Dues,Checking,Dues,Credit, $880.00 ,,,
2009,1,1,-777,Dues,Checking,Dues,Credit, $880.00 ,,,
2009,1,1,-777,Dues,Checking,Dues,Credit, $880.00 ,,,
2009,1,1,-777,Dues,Checking,Dues,Credit, $880.00 ,,,
2009,1,1,-777,Dues,Checking,Dues,Credit, $880.00 ,,,
2009,1,1,-777,Dues,Checking,Dues,Credit, $880.00 ,,,
2009,1,1,-777,Dues,Checking,Dues,Credit, $880.00 ,,,
2009,1,1,-777,Dues,Checking,Dues,Credit, $880.00 ,,,
2009,1,1,-777,Dues,Checking,Dues,Credit, $880.00 ,,,
2009,1,1,-777,Dues,Checking,Dues,Credit, $880.00 ,,,
2009,1,1,-777,Dues,Checking,Dues,Credit, $880.00 ,,,
2009,1,1,-777,Dues,Checking,Dues,Credit, $880.00 ,,,
2009,1,1,-777,Dues,Checking,Dues,Credit, $880.00 ,,,
2009,1,1,-777,Dues,Checking,Dues,Credit, $880.00 ,,,
2009,1,1,-777,Dues,Checking,Dues,Credit, $880.00 ,,,
2009,1,1,-777,Dues,Checking,Dues,Credit, $880.00 ,,,
2009,1,1,-777,Dues,Checking,Dues,Credit, $880.00 ,,,
2009,1,1,-777,Dues,Checking,Dues,Credit, $880.00 ,,,
2009,2,1,-777,Dues,Checking,Dues,Credit, $880.00 ,,,
2009,2,1,-777,Dues,Checking,Dues,Credit, $880.00 ,,,
2009,2,1,-777,Dues,Checking,Dues,Credit, $880.00 ,,,
2009,2,1,-777,Dues,Checking,Dues,Credit, $880.00 ,,,
2009,2,1,-777,Dues,Checking,Dues,Credit, $880.00 ,,,
2009,2,1,-777,Dues,Checking,Dues,Credit, $880.00 ,,,
2009,2,1,-777,Dues,Checking,Dues,Credit, $880.00 ,,,
2009,2,1,-777,Dues,Checking,Dues,Credit, $880.00 ,,,
2009,2,1,-777,Dues,Checking,Dues,Credit, $880.00 ,,,
2009,2,1,-777,Dues,Checking,Dues,Credit, $880.00 ,,,
2009,2,1,-777,Dues,Checking,Dues,Credit, $880.00 ,,,
2009,2,1,-777,Dues,Checking,Dues,Credit, $880.00 ,,,
2009,2,1,-777,Dues,Checking,Dues,Credit, $880.00 ,,,
2009,2,1,-777,Dues,Checking,Dues,Credit, $880.00 ,,,
2009,2,1,-777,Dues,Checking,Dues,Credit, $880.00 ,,,
2009,2,1,-777,Dues,Checking,Dues,Credit, $880.00 ,,,
2009,2,1,-777,Dues,Checking,Dues,Credit, $880.00 ,,,
2009,2,1,-777,Dues,Checking,Dues,Credit, $880.00 ,,,
2009,2,1,-777,Dues,Checking,Dues,Credit, $880.00 ,,,
2009,2,1,-777,Dues,Checking,Dues,Credit, $880.00 ,,,
2009,2,1,-777,Dues,Checking,Dues,Credit, $880.00 ,,,
2009,2,1,-777,Dues,Checking,Dues,Credit, $968.00 ,,,
2009,3,1,-777,Dues,Checking,Dues,Credit, $880.00 ,,,
2009,9,1,-777,CD Withdrawl,Checking,From Reserves,Credit," $5,000.00 ",,,
2009,3,1,-777,State Refund,Checking,Refund,Credit, $63.00 ,,,
2009,3,1,-777,Federal Refund,Checking,Refund,Credit, $139.00 ,,,
